,users_id,users_name,users_last_name,users_last_name_2,users_initial,users_years,users_gender,users_sector,users_ccaa,users_prov,users_prox,users_phone,users_mail,users_lang,users_lgtb,users_family,users_relig,users_politic,users_vegan,users_pets,users_smoke,users_env,users_range,users_budget,users_sqr_m,users_bath,users_outs,users_facil,users_drive,users_max_p,accion,activo,ajedrez,alegre,alternativa,amable,animales,antiguedades,apasionado,arte,artesanias,astrologia,astronomia,atento,aventura,aventurero,aves,badminton,bailarin,baile,baloncesto,beatboxing,beisbol,belico,bingo,biologia,blogging,blues,bolero,bolillo,bolos,bordado,boxeo,bricolage,buceo,calmado,cantante,canto,carpinteria,cartas,casino,caza,ceramica,cerveza,ciclismo,cienciaficcion,cine,cinefilo,clasica,cocina,colaborador,comedia,comics,comprador,conciertos,copla,corazon,correr,cosplay,costura,creativo,crimen,croche,crossfit,crucigramas,cultura,dardos,decidido,deportista,dibujo,disfraces,divertido,documental,drama,electronica,empatico,emprendedor,entustiasta,escritura,esqui,excursionismo,excursionista,familiar,fantasia,fiestero,filatelia,filologia,fisica,flamenco,flexible,folk,foodie,fotografia,fotografo,fronton,fumadores,futbol,gamer,ganchillo,gastronomia,generoso,gimnasio,golf,gospel,gracioso,hipica,historia,historica,hogar,honesto,iglesia,india,instrumental,instrumentos,jardineria,jazz,latina,libros,literatura,lounge,macrame,madrugador,magia,manualidades,matematicas,meditacion,mediterranea,mesa,metal,mexicana,misterio,moda,modelismo,montanismo,motociclismo,museos,musica,musical,natacion,negro,nocturno,numismatica,opera,optimista,ordenado,oriental,pachangueo,padel,pesca,petanca,pintura,piraguismo,playa,poesia,poker,politica,practico,proactivo,punk,puntocruz,quimica,rb,reciclaje,reggae,relajado,remo,reposteria,robotica,rock,rol,romantica,rompecabezas,saludable,sensato,sociable,socializar,soul,suspense,tarot,teatro,tecnologia,tejido,telenovelas,tenis,tenismesa,terror,trabajo,tratofacil,turismo,vegano,vegetariano,viajar,viajero,videojuegos,vino,vivo,voluntariado,western,yeye,yoga,zarzuela,zoologia
0,1,Luigi,Etzler,,L. E.,60,hombre,derecho,Castilla y León,Burgos,todo el país,+34737331616,luigi_etzler@gmail.com,Deutsche,acepto,Individual,no acepto,no acepto,Vegetariano,no acepto,acepto,interior,50-60,400,50,privado,['terraza' 'piscina' 'jardin'],['futbolin' 'pingpong' 'gimnasio' 'golf' 'huerto'],True,<6,0,0,0,0,0,0,0,0,0,0,2,0,0,0,0,0,0,0,0,0,0,0,0,0,0,0,0,0,0,0,3,0,0,0,0,0,0,0,0,0,0,0,0,0,4,0,0,0,0,0,0,0,0,0,0,0,3,0,5,0,0,0,0,0,0,0,0,0,0,0,0,0,0,0,0,0,0,0,0,0,0,0,0,0,0,0,0,0,0,0,0,0,2,0,0,1,0,3,0,0,0,0,2,0,0,5,0,0,0,5,2,0,0,0,0,0,4,0,0,0,0,0,4,0,0,0,0,0,0,0,0,0,0,0,0,0,0,0,0,0,0,0,0,0,0,0,0,0,0,0,0,0,0,0,0,0,0,0,0,0,0,2,0,0,0,0,0,0,0,0,0,0,0,0,0,0,0,0,0,0,0,0,0,0,0,0,3,0,0,0,0,0,0,0,3,0,0,1,0,0,0,0
1,2,Ibán,Pedrero,Zurita,I. P.,66,hombre,investigaciontecnica,Extremadura,Cáceres,todo el país,+34885561149,ibán_pedrero@gmail.com,Euskara,no acepto,Individual,no acepto,acepto,Común,acepto,acepto,montaña,70-80,900,350,compartido,['jardin'],['billar' 'zonasverdes' 'gimnasio' 'pingpong' 'piscina' 'cocina'],False,<3,5,0,5,5,2,0,0,0,0,0,0,0,0,0,0,2,0,0,1,2,0,0,0,0,2,0,0,1,5,2,3,0,0,0,0,1,4,4,0,0,0,0,0,0,0,5,0,4,1,0,0,1,3,0,0,0,1,0,0,0,0,0,0,0,0,0,0,5,0,0,3,0,0,0,0,0,2,5,0,3,1,0,0,4,0,0,0,3,2,3,3,0,3,0,0,0,0,0,1,0,1,4,0,0,0,0,5,0,0,1,5,0,0,0,0,3,0,0,0,2,0,0,4,0,0,0,5,5,4,0,0,5,0,0,0,0,0,4,4,0,3,5,0,0,0,5,4,1,0,2,0,0,0,0,0,1,3,2,0,0,5,2,0,0,0,0,0,0,0,1,0,0,4,2,0,5,0,1,0,0,0,0,0,0,3,0,0,1,2,0,0,0,2,0,0,3,0,0,5,5,0,0
2,3,Arlet,Ortuño,Rivera,A. O.,60,mujer,amacasa,Castilla y León,Segovia,misma comunidad,+34639150356,arlet_ortuño@hotmail.fr,Català,no acepto,Familia,no acepto,acepto,Común,no acepto,no acepto,costa,60-70,800,150,compartido,['piscina' 'jardin'],"['lavavajillas' 'salamanualidades' 'trastero' 'salacine' 'spa' 'cocina'
 'cubierta' 'esqui' 'rehabilitacion' 'recreativos' 'futbol' 'lavanderia'
 'pingpong' 'tenis' 'padel' 'billar' 'garage' 'huerto' 'gimnasio' 'buffet']",True,<6,0,3,0,0,5,0,4,0,0,0,4,0,0,0,0,0,4,0,0,4,4,0,1,4,0,1,0,0,1,3,2,3,1,0,1,0,4,0,0,0,4,0,4,0,0,0,5,0,0,0,0,0,0,0,0,0,0,1,0,0,0,0,0,0,4,1,1,3,0,4,0,0,5,1,0,3,0,0,0,0,0,5,3,5,0,0,0,5,1,3,0,3,0,0,0,0,0,0,1,0,0,0,1,0,3,0,4,0,1,0,0,0,0,5,0,4,0,3,0,0,0,0,0,3,3,4,0,0,0,0,0,2,0,3,2,0,0,0,1,2,0,5,5,0,0,0,0,0,2,0,0,2,0,1,0,0,0,0,2,0,0,4,0,5,0,0,1,4,0,0,3,0,0,0,0,1,0,4,4,2,5,0,2,0,0,0,3,0,0,4,0,0,0,2,0,0,3,1,4,0,0,0
3,4,Isaura,Montaña,Abellán,I. M.,62,mujer,ingenieria,Aragón,Huesca,misma provincia,+34704877473,isaura_montaña@gmail.com,Castellano,no acepto,Familia,no acepto,no acepto,Común,no acepto,no acepto,interior,50-60,700,550,privado,['jardin'],"['lavanderia' 'gimnasio' 'salacine' 'trastero' 'cocina' 'tenis' 'cubierta'
 'baloncesto' 'huerto' 'zonasverdes' 'piscina' 'golf' 'futbolin' 'billar'
 'futbol' 'barbacoa' 'salamanualidades' 'rehabilitacion' 'recreativos'
 'hipica']",True,<6,0,4,0,0,1,2,0,0,1,0,5,5,0,0,0,2,0,0,1,4,2,0,5,0,4,0,1,0,0,0,0,5,0,5,3,4,0,0,2,0,2,0,0,5,0,0,1,0,1,2,0,0,2,0,5,5,0,0,1,0,0,0,0,4,1,3,0,0,0,0,1,0,0,2,5,1,0,0,5,0,3,0,0,0,0,3,1,0,0,0,0,0,0,4,0,0,0,1,0,3,0,1,5,2,0,0,4,0,0,3,0,2,5,0,0,0,0,4,3,4,4,0,3,0,0,2,0,0,1,5,0,0,0,2,5,2,0,0,0,4,2,1,2,4,0,0,1,0,5,0,0,0,0,0,4,0,2,2,4,0,0,0,0,2,3,1,0,0,1,2,0,0,0,0,0,0,0,0,0,0,0,0,4,1,0,0,0,0,5,5,0,2,0,0,0,0,0,2,0,3,5,0
4,5,Ariadna,Paniagua,Tejada,A. P.,65,mujer,forestal,Comunidad Valenciana,Alicante,misma provincia,+34707982769,ariadna_paniagua@hotmail.de,Castellano,no acepto,Individual,no acepto,acepto,Común,no acepto,no acepto,interior,60-70,1000,50,privado,['jardin' 'terraza' 'piscina'],[],True,<3,0,0,0,0,0,0,0,0,0,0,0,0,0,0,0,0,0,0,0,0,0,0,0,0,0,5,0,0,0,0,0,0,0,0,0,2,0,1,0,0,0,1,2,0,0,0,0,0,0,0,0,0,0,4,0,0,0,0,0,0,3,0,0,0,0,0,0,0,0,0,0,0,0,0,0,0,0,0,5,0,0,0,0,0,0,0,0,0,0,0,0,0,1,0,0,5,0,0,0,0,0,1,0,0,0,0,0,0,0,0,3,0,0,0,0,0,0,1,0,5,0,0,0,1,0,0,0,0,0,0,0,4,0,0,0,0,0,0,0,0,0,0,0,0,0,5,0,0,0,0,0,0,0,0,1,0,0,0,0,0,0,0,1,5,5,0,0,0,0,5,0,0,0,1,0,5,0,0,0,0,0,0,0,0,0,0,0,0,0,2,0,0,0,0,0,0,0,0,0,0,1,0
5,6,Constanza,Tomé,Artigas,C. T.,65,otro,forestal,Galicia,Orense,todo el país,+34621748554,constanza_tomé@yahoo.com,Euskara,acepto,Individual,no acepto,no acepto,Vegetariano,acepto,acepto,interior,60-70,500,850,compartido,['piscina' 'jardin' 'terraza'],"['billar' 'barbacoa' 'zonasverdes' 'gimnasio' 'futbolin' 'spa' 'pingpong'
 'huerto' 'tenis' 'rehabilitacion' 'baloncesto' 'garage' 'golf' 'cocina'
 'salamanualidades']",False,<6,0,2,5,0,0,2,0,0,0,0,0,0,0,3,0,5,0,0,5,0,0,0,0,5,0,0,0,0,0,4,2,0,0,0,2,0,4,0,0,0,0,0,0,0,3,0,3,0,0,0,0,0,0,0,0,0,5,0,0,0,0,0,0,1,1,5,2,0,0,2,0,0,0,0,0,0,3,0,0,0,0,2,0,5,0,0,0,0,0,0,0,3,0,0,0,0,0,4,0,4,0,0,3,0,0,0,0,0,0,0,0,0,0,0,0,0,0,0,0,0,0,0,0,2,4,0,0,0,1,0,0,0,0,0,4,0,0,3,3,0,0,2,0,0,0,4,0,0,0,0,2,0,0,2,5,0,1,5,5,4,0,0,0,4,5,0,0,0,0,0,3,0,0,4,1,2,0,0,0,3,4,5,0,0,2,0,0,0,0,0,0,3,1,5,0,0,0,0,0,0,0,2
6,7,Yara,Lima,Amaral,Y. L.,68,mujer,construccion,Principado de Asturias,Asturias,misma comunidad,+34743850550,yara_lima@clix.pt,Português,acepto,Grupo,acepto,acepto,Vegetariano,acepto,acepto,interior,60-70,700,450,privado,['jardin' 'piscina' 'terraza'],"['barbacoa' 'trastero' 'gimnasio' 'baloncesto' 'pingpong' 'hipica'
 'futbolin' 'garage' 'cocina' 'piscina' 'salamanualidades' 'futbol'
 'cubierta' 'lavavajillas' 'recreativos' 'tenis' 'rehabilitacion' 'billar'
 'golf' 'huerto']",True,<6,0,0,0,0,0,0,4,1,0,0,5,0,0,0,0,1,0,0,0,4,0,2,0,5,0,0,0,0,1,0,0,0,0,0,2,0,0,2,0,0,0,0,1,0,2,3,0,0,2,0,0,0,0,0,0,0,0,5,0,0,0,1,0,0,4,0,0,0,0,0,0,0,5,0,1,0,0,0,0,0,0,0,0,0,2,0,0,0,1,5,0,0,0,5,0,0,0,0,0,0,0,2,0,0,0,0,0,0,1,0,0,0,2,5,0,0,0,0,0,0,5,1,3,0,3,3,0,0,1,0,0,5,0,0,0,0,2,4,0,0,0,4,5,0,5,0,0,0,0,0,5,0,4,3,0,3,0,0,0,0,0,0,0,3,0,0,0,0,1,1,0,0,0,0,0,0,0,0,0,0,5,5,0,2,0,0,0,5,0,1,0,0,0,0,0,0,3,3,0,0,0,5
7,8,Raúl,Benavente,Cid,R. B.,71,hombre,ingenieria,Cantabria,Cantabria,misma provincia,+34700119478,raúl_benavente@googlemail.com,Castellano,no acepto,Familia,no acepto,no acepto,Común,no acepto,acepto,montaña,60-70,600,200,privado,['no'],"['zonasverdes' 'recreativos' 'barbacoa' 'lavanderia' 'baloncesto'
 'futbolin' 'salacine' 'gimnasio']",True,<3,3,0,5,0,0,0,0,0,0,0,0,0,5,0,0,0,5,4,0,0,0,0,0,5,3,3,1,0,0,0,0,4,0,0,3,0,0,0,3,3,0,2,2,3,0,1,0,0,0,5,5,4,1,0,0,3,0,5,5,5,1,0,1,0,3,0,0,3,0,3,0,0,4,0,0,0,0,1,0,0,0,2,2,2,0,0,0,5,4,0,3,0,3,0,0,0,0,2,1,0,5,4,0,2,3,0,5,0,3,0,4,0,0,0,0,2,0,0,0,4,5,2,0,2,0,0,0,0,5,3,3,2,5,0,0,0,0,0,0,5,0,0,4,5,4,0,2,0,0,0,0,0,1,2,0,0,0,4,0,0,2,1,1,5,0,0,2,1,4,0,4,0,0,3,0,5,2,0,0,3,0,4,0,4,1,0,0,0,0,3,1,0,4,0,0,0,0,0,4,0,3,0
8,9,Sol,Baena,Pedro,S. B.,60,mujer,otro,Ciudad Autónoma de Ceuta,Ceuta,todo el país,+34623412779,sol_baena@web.de,Castellano,no acepto,Individual,no acepto,no acepto,Común,no acepto,acepto,interior,50-60,400,800,privado,['no'],['piscina'],False,+10,5,2,0,5,0,1,3,4,5,5,0,0,0,0,0,0,1,3,2,5,1,0,0,0,0,3,0,0,0,0,1,4,2,1,0,0,2,0,5,2,3,0,0,1,0,3,4,3,0,0,1,0,3,0,1,0,0,0,0,0,0,0,0,0,0,2,1,3,2,0,1,0,5,0,0,3,4,0,2,0,4,3,4,4,4,0,0,3,3,1,5,5,5,1,0,1,5,0,0,4,4,2,0,0,0,0,3,0,0,0,4,0,5,5,0,0,1,3,0,2,0,2,0,5,0,0,3,0,0,5,3,0,0,0,0,3,3,1,0,0,0,1,0,0,3,0,0,0,3,2,0,4,0,0,2,0,0,0,3,4,1,2,1,0,0,0,0,1,3,0,0,4,0,0,2,5,0,5,0,0,0,0,0,2,1,3,0,1,0,0,2,0,3,0,4,0,0,0,0,0,0,3
9,10,Mia,Leon,Montoya,M. L.,60,mujer,cine,Comunidad Valenciana,Alicante,misma comunidad,+34749131274,mia_leon@yahoo.com,Català,no acepto,Familia,no acepto,no acepto,Común,no acepto,acepto,interior,+80,400,400,compartido,['terraza' 'jardin' 'piscina'],"['barbacoa' 'buffet' 'billar' 'cocina' 'hipica' 'recreativos'
 'rehabilitacion' 'futbolin' 'padel' 'pingpong' 'baloncesto' 'huerto'
 'lavanderia' 'zonasverdes' 'trastero' 'tenis']",True,<9,0,0,0,1,0,0,0,0,0,4,0,0,0,0,0,0,0,0,0,0,0,0,1,0,4,1,5,0,0,0,0,0,0,0,2,0,0,0,0,0,0,0,0,0,0,0,0,0,0,0,0,0,1,0,0,0,0,0,2,0,1,0,2,5,0,0,0,0,0,0,0,0,0,0,0,1,5,0,0,0,0,0,0,2,0,0,0,0,0,0,0,0,0,0,0,0,0,0,0,0,0,5,0,0,0,1,0,0,5,0,0,0,0,0,0,0,0,0,0,0,0,0,0,0,2,0,0,0,0,0,0,0,3,5,0,0,0,0,0,3,0,0,2,0,0,0,0,0,0,2,0,0,0,0,0,0,0,0,0,0,0,0,0,2,0,0,0,0,0,0,0,4,0,0,0,0,0,0,0,0,0,0,0,0,0,0,5,0,0,0,2,2,0,0,0,0,0,3,0,0,0,0
10,11,Guadalupe,Alonso,Segovia,G. A.,66,hombre,seguridad,Extremadura,Cáceres,misma provincia,+34747139867,guadalupe_alonso@clix.pt,Castellano,no acepto,Grupo,acepto,no acepto,Común,no acepto,no acepto,costa,+80,900,600,privado,['jardin'],"['recreativos' 'lavavajillas' 'barbacoa' 'cocina' 'padel' 'huerto'
 'gimnasio' 'tenis' 'trastero' 'spa' 'rehabilitacion' 'piscina'
 'baloncesto' 'lavanderia' 'futbolin' 'futbol' 'hipica' 'salacine'
 'cubierta']",False,<9,0,0,0,0,0,0,0,0,1,0,0,0,0,0,4,0,1,2,0,0,0,4,3,0,0,0,0,2,0,0,0,0,0,0,0,0,0,0,0,0,0,0,0,0,0,0,0,0,0,0,0,0,0,0,0,0,0,0,0,0,0,0,0,0,0,0,0,1,0,2,0,0,0,5,0,0,0,0,0,0,0,0,4,0,0,0,0,0,5,0,0,0,0,0,2,0,0,0,0,0,3,0,0,0,0,0,0,0,0,0,0,0,0,0,0,0,0,0,0,0,0,0,1,0,0,0,0,2,0,0,0,0,2,0,0,0,0,3,0,0,0,3,0,0,0,0,0,0,0,0,0,0,0,0,0,1,0,0,0,0,0,0,0,0,0,0,0,0,1,0,0,0,0,0,0,0,0,0,2,0,0,0,0,0,0,0,0,0,0,5,1,3,0,0,0,0,0,0,0,0,0,0
11,12,Obdulia,Benavides,Soto,O. B.,66,mujer,ingenieria,Galicia,Pontevedra,misma comunidad,+34706889418,obdulia_benavides@noos.fr,Galego,no acepto,Individual,acepto,acepto,Vegetariano,acepto,no acepto,costa,60-70,800,700,compartido,['jardin' 'piscina'],['lavanderia' 'golf' 'futbolin' 'garage' 'padel' 'spa' 'barbacoa' 'huerto'],True,<6,0,1,0,0,2,0,0,2,0,0,0,0,1,3,0,0,0,2,5,0,0,3,1,0,0,0,3,0,2,0,5,2,0,0,0,4,5,0,3,0,0,3,0,0,0,0,3,0,0,3,0,1,0,0,4,0,0,2,0,0,0,4,4,0,0,0,0,5,3,0,0,0,4,2,0,1,0,0,0,0,0,0,4,2,4,0,0,0,0,4,4,0,0,0,0,0,0,0,0,0,1,3,2,0,0,0,0,0,0,0,5,0,0,0,0,0,2,0,0,0,0,2,3,4,5,0,0,4,2,1,1,0,0,0,0,0,2,0,3,0,0,2,5,0,4,0,0,2,0,0,0,0,0,0,0,0,0,0,0,3,0,2,0,5,0,0,0,0,0,0,0,0,0,0,0,0,4,0,2,0,4,2,0,0,0,0,0,2,2,5,5,0,0,0,0,1,0,0,1,0,0,0
12,13,Ramón,Fortuny,Canals,R. F.,84,hombre,cine,Castilla-La Mancha,Ciudad Real,misma provincia,+34732137272,ramón_fortuny@club-internet.fr,Castellano,no acepto,Familia,no acepto,acepto,Común,no acepto,no acepto,costa,70-80,800,550,compartido,['terraza'],['barbacoa' 'hipica'],True,<3,0,0,5,0,0,0,0,0,0,0,0,0,2,1,1,0,5,1,0,0,0,0,1,0,0,0,0,2,1,0,1,3,1,1,0,4,5,0,5,0,0,4,1,5,0,2,0,0,0,0,0,3,0,0,0,0,0,3,3,2,0,0,0,5,0,2,0,3,0,1,0,1,0,1,2,4,0,0,4,4,4,0,2,0,2,0,0,0,2,3,0,0,3,5,0,0,3,0,0,0,0,0,0,5,0,0,0,0,0,0,2,0,3,0,2,0,2,0,3,1,1,0,0,0,0,2,0,0,5,1,1,0,3,3,0,0,0,0,0,0,5,0,0,3,0,1,1,4,0,3,0,4,0,0,0,4,0,0,3,0,2,4,5,0,0,0,0,0,3,0,1,0,2,0,0,2,0,1,5,3,1,0,1,2,0,0,5,0,0,0,2,0,3,3,3,5,0,0,0,5,0,0
13,14,Bilal,Rubben,,B. R.,72,otro,enseñanza,Ciudad Autónoma de Melilla,Melilla,misma provincia,+34733363471,bilal_rubben@yahoo.com,Nederlandse,no acepto,Individual,no acepto,acepto,Vegano,acepto,no acepto,montaña,50-60,700,350,privado,['no'],['barbacoa' 'gimnasio' 'garage' 'baloncesto'],True,<9,0,1,0,0,0,0,0,0,0,5,0,0,1,0,3,0,0,0,0,0,0,0,0,0,0,0,0,0,2,0,0,0,2,0,2,0,0,1,0,5,0,0,0,0,0,0,3,0,0,0,5,4,0,0,2,0,0,0,0,3,0,0,0,0,0,0,0,0,0,2,0,0,0,0,0,1,0,0,2,0,0,0,0,1,1,5,0,0,1,0,1,0,5,0,5,0,0,0,0,5,1,0,2,2,0,0,0,0,5,0,0,1,0,0,0,0,0,0,2,0,0,0,1,0,0,2,5,0,0,4,0,0,0,0,0,0,0,0,0,0,1,0,0,0,0,0,0,0,0,0,0,0,2,0,0,0,0,0,0,0,0,0,0,0,0,0,0,3,0,4,0,0,0,0,0,1,0,0,0,0,0,0,4,3,0,1,0,0,0,4,0,0,5,0,0,0,4,0,0,5,1,0
14,15,Luana,Gaspar,Paiva,L. G.,60,mujer,construccion,Islas Baleares,Islas Baleares,todo el país,+34708678578,luana_gaspar@googlemail.com,Português,no acepto,Grupo,no acepto,acepto,Común,acepto,no acepto,montaña,70-80,500,200,privado,['terraza'],"['lavanderia' 'salamanualidades' 'golf' 'spa' 'zonasverdes' 'baloncesto'
 'futbol' 'tenis' 'salacine' 'lavavajillas' 'piscina' 'recreativos'
 'hipica' 'cubierta']",True,<9,2,0,1,0,2,4,4,0,0,1,0,5,5,3,0,1,2,0,1,0,4,2,5,3,2,0,1,4,0,3,0,5,2,0,5,0,1,4,1,0,0,0,0,0,0,5,0,0,0,0,2,0,0,0,0,0,0,0,3,0,0,0,1,0,3,0,2,0,0,0,0,0,5,1,0,0,4,0,1,4,0,0,0,0,0,5,5,0,0,0,0,3,2,0,0,0,2,0,3,0,5,0,2,1,0,0,5,0,4,4,4,5,0,3,0,0,4,0,0,0,3,0,0,2,2,0,0,5,2,3,0,0,1,2,1,3,4,0,2,0,0,0,5,5,0,0,0,4,0,3,0,3,5,0,0,3,0,0,0,4,0,0,3,4,0,0,2,0,0,0,4,0,3,4,0,0,0,2,0,0,2,3,0,0,2,0,0,0,1,4,0,5,0,5,3,0,3,0,2,0,0,2
15,16,Kerry,Walton,,K. W.,61,mujer,otro,Ciudad Autónoma de Melilla,Melilla,misma comunidad,+34722390330,kerry_walton@hotmail.com,English,no acepto,Individual,acepto,acepto,Vegetariano,no acepto,no acepto,costa,60-70,1300,900,privado,['terraza'],"['trastero' 'pingpong' 'garage' 'billar' 'padel' 'futbol' 'golf' 'buffet'
 'gimnasio' 'baloncesto' 'futbolin' 'piscina' 'recreativos' 'cocina'
 'lavavajillas' 'huerto' 'salacine' 'hipica' 'lavanderia' 'zonasverdes'
 'barbacoa' 'salamanualidades' 'spa' 'tenis' 'esqui']",True,<6,0,0,2,3,0,0,3,0,0,2,0,0,0,0,4,0,0,3,0,0,0,0,0,5,0,0,0,5,2,0,0,4,2,1,3,0,0,0,0,1,0,0,3,5,5,0,0,0,0,0,0,0,0,0,0,3,0,0,3,3,0,2,1,0,1,0,0,5,4,0,0,3,0,0,1,0,0,0,0,4,0,5,1,4,0,0,1,0,0,3,5,3,0,0,0,0,3,0,1,0,2,3,0,0,2,5,1,0,0,0,0,2,0,0,0,3,0,0,0,0,0,0,0,0,5,0,1,3,4,0,2,4,0,3,1,0,2,0,2,0,0,0,0,0,4,0,0,0,0,0,0,4,0,5,5,0,0,0,0,0,4,3,4,0,1,0,4,2,0,3,0,2,0,0,2,3,2,4,0,3,0,0,4,0,0,0,2,4,0,0,0,0,0,0,0,0,1,0,3,3,0,0
16,17,Sabine,Pasquier,,S. P.,77,mujer,cine,Comunidad de Madrid,Madrid,misma provincia,+34712671648,sabine_pasquier@hotmail.com,Français,acepto,Individual,acepto,no acepto,Común,no acepto,acepto,costa,60-70,900,850,privado,['no'],['rehabilitacion'],False,<6,0,0,0,0,0,0,0,0,0,0,0,2,0,1,3,0,0,0,4,0,0,0,0,2,0,4,0,0,0,0,0,0,0,0,0,0,0,0,3,0,0,0,0,0,0,0,0,4,0,0,0,0,0,0,0,0,0,1,0,0,0,0,0,0,0,0,0,0,0,0,0,0,0,4,0,0,0,5,0,0,0,0,0,0,2,0,0,0,0,0,0,2,0,0,0,0,0,0,0,0,0,0,0,0,0,0,0,0,3,0,0,0,0,0,0,4,0,0,0,5,0,0,0,1,0,0,0,0,0,0,0,0,0,0,0,0,0,0,0,0,0,0,0,0,0,0,0,0,0,1,0,0,0,0,0,0,0,0,0,0,0,0,0,0,0,0,0,0,0,0,0,0,4,0,0,0,0,0,0,0,0,0,0,0,0,0,0,0,5,0,0,3,0,0,0,0,0,0,0,0,0,0
17,18,Ona,Lobato,Quintanilla,O. L.,67,mujer,enseñanza,Andalucía,Córdoba,misma provincia,+34611449816,ona_lobato@hotmail.com,Català,acepto,Familia,no acepto,no acepto,Común,no acepto,no acepto,costa,+80,300,300,privado,['piscina'],"['lavanderia' 'tenis' 'huerto' 'zonasverdes' 'barbacoa' 'baloncesto'
 'rehabilitacion' 'cubierta' 'pingpong' 'cocina' 'buffet'
 'salamanualidades' 'salacine' 'esqui' 'spa' 'hipica' 'padel' 'gimnasio'
 'futbol' 'billar' 'lavavajillas' 'recreativos' 'piscina' 'garage' 'golf'
 'futbolin']",True,<9,0,0,1,0,0,5,3,0,0,0,5,2,0,0,0,0,0,5,5,4,0,2,5,0,0,0,0,3,0,3,0,0,0,5,0,0,1,0,0,0,2,0,0,2,0,0,0,0,0,0,0,0,0,0,0,0,1,3,0,3,1,0,1,2,0,0,0,0,0,2,1,0,0,0,0,0,1,2,0,5,0,0,1,3,0,0,4,0,2,0,0,5,2,0,0,5,0,0,2,0,0,1,0,0,0,0,0,0,0,0,0,0,0,0,0,0,0,0,3,0,0,0,0,3,1,0,0,0,0,1,2,1,0,0,0,4,0,0,2,0,0,0,5,0,4,0,0,0,0,0,2,0,4,4,3,0,0,0,0,0,0,0,0,0,3,5,0,3,0,3,0,0,0,0,0,0,0,0,1,0,0,2,2,0,0,0,0,0,3,0,0,0,0,4,1,0,0,1,1,4,0,0
18,19,Sebastián,Gallo,Colom,S. G.,62,hombre,empresariales,Castilla y León,Soria,misma comunidad,+34748227148,sebastián_gallo@hotmail.co.uk,Castellano,no acepto,Individual,acepto,acepto,Vegano,no acepto,acepto,interior,60-70,700,500,privado,['no'],[],False,<3,3,0,0,4,3,4,0,0,0,0,5,0,3,2,0,0,0,1,0,0,0,0,3,0,3,0,0,0,0,0,0,0,0,5,1,3,0,0,2,0,0,3,4,0,1,0,5,4,0,0,3,0,0,0,0,0,0,0,0,5,0,4,2,0,5,0,0,0,0,0,0,0,0,0,0,0,0,1,0,0,3,0,0,0,0,0,0,0,3,5,0,0,0,0,0,0,4,1,0,0,0,2,0,3,0,0,0,0,4,0,0,0,1,0,0,0,0,4,0,0,4,0,0,2,0,0,0,0,1,0,0,1,4,2,0,4,0,0,0,1,1,1,0,0,0,0,1,0,0,4,0,0,0,0,0,0,0,0,0,0,0,0,3,0,0,0,5,4,0,0,0,0,1,0,0,0,0,4,3,0,0,0,0,0,0,0,3,0,0,0,0,0,0,1,2,0,5,0,3,0,0,3
19,20,Nélida,Criado,Bárcena,N. C.,61,mujer,enseñanza,Comunidad Valenciana,Valencia,misma provincia,+34747680444,nélida_criado@yahoo.com,Castellano,no acepto,Individual,acepto,no acepto,Común,acepto,no acepto,interior,70-80,300,200,compartido,['jardin' 'terraza'],['esqui' 'garage' 'lavavajillas'],True,<3,0,0,2,0,0,0,0,0,0,0,0,0,0,0,5,4,0,0,3,0,0,0,0,0,0,0,0,0,0,0,0,5,0,0,0,4,0,0,0,0,0,0,0,0,0,0,5,3,0,0,1,0,0,0,3,2,0,0,0,0,0,1,0,0,0,0,0,0,0,0,0,0,0,0,0,0,0,0,0,0,0,0,0,0,0,0,0,4,0,0,0,0,1,5,0,0,5,0,0,0,0,0,0,2,0,0,4,0,5,0,0,0,2,0,0,0,0,0,0,0,0,0,4,0,0,0,0,0,0,0,0,0,0,0,0,0,0,0,0,0,0,0,0,0,0,0,0,0,0,0,0,0,5,0,3,0,0,0,0,0,0,0,5,0,0,0,0,0,0,0,0,0,0,0,0,0,0,0,0,0,0,0,0,0,0,0,0,0,0,0,0,0,0,5,0,0,0,0,0,0,0,0
20,21,Darren,Lee,,D. L.,69,hombre,forestal,Castilla y León,Soria,misma comunidad,+34728817427,darren_lee@virgilio.it,English,no acepto,Familia,acepto,acepto,Común,acepto,acepto,costa,50-60,1500,50,privado,['piscina'],"['huerto' 'pingpong' 'garage' 'salacine' 'trastero' 'barbacoa'
 'zonasverdes' 'rehabilitacion' 'esqui' 'gimnasio' 'spa' 'golf'
 'baloncesto' 'salamanualidades' 'hipica' 'tenis' 'recreativos' 'buffet'
 'padel']",False,<9,3,0,3,0,4,5,2,0,0,0,4,5,0,5,0,0,0,0,3,3,2,0,2,0,0,0,0,0,0,0,5,2,3,5,0,5,5,2,3,4,0,0,4,0,1,0,5,0,5,1,5,0,2,0,4,0,0,0,1,4,1,5,5,3,2,0,0,4,3,4,1,4,0,0,2,0,0,1,0,0,1,5,0,0,4,4,4,0,0,0,0,0,4,0,5,0,1,0,0,1,0,2,0,2,0,0,1,0,0,0,0,2,4,1,0,2,1,0,1,3,1,5,0,0,0,1,0,3,4,4,0,3,0,1,0,1,0,2,5,0,0,0,3,4,4,0,0,1,2,5,0,0,0,0,0,1,5,3,0,1,0,3,2,5,0,0,0,4,0,0,0,1,0,1,0,0,0,0,0,0,5,5,0,0,3,0,1,3,0,3,0,5,0,0,1,0,0,3,0,0,5,4
21,22,Samuel,Naranjo,Llorens,S. N.,64,hombre,rh,Comunidad Valenciana,Valencia,misma comunidad,+34723691369,samuel_naranjo@gmail.com,Castellano,no acepto,Grupo,no acepto,acepto,Común,no acepto,acepto,interior,50-60,500,350,privado,['jardin' 'terraza' 'piscina'],"['spa' 'lavanderia' 'gimnasio' 'garage' 'rehabilitacion' 'golf' 'cubierta'
 'tenis' 'huerto' 'piscina' 'esqui' 'futbolin' 'salacine']",False,<9,0,2,0,0,0,0,0,0,0,0,0,0,0,0,0,0,0,0,0,0,0,0,0,5,4,2,0,0,0,2,0,1,0,0,0,5,0,0,0,0,0,3,0,0,0,0,0,3,0,3,0,0,0,0,0,0,0,0,5,0,0,2,0,5,0,0,0,4,0,0,0,0,5,0,0,0,1,0,0,5,1,0,0,0,0,0,0,0,0,5,0,2,0,0,0,4,5,0,0,3,0,0,0,0,3,1,0,0,0,0,0,2,0,5,0,0,0,0,3,0,0,0,0,0,0,0,0,0,0,1,0,4,0,0,0,0,0,3,0,5,0,0,0,4,0,0,0,0,0,0,1,0,0,0,0,0,0,0,0,0,0,5,0,0,0,0,1,0,0,0,0,0,0,0,2,0,0,0,1,0,0,3,0,3,0,3,0,0,5,5,4,0,2,0,0,2,0,0,0,0,0,0
22,23,Paola,Giner,Sancho,P. G.,68,mujer,musica,Extremadura,Cáceres,misma comunidad,+34747420741,paola_giner@tim.it,Castellano,acepto,Grupo,no acepto,no acepto,Común,acepto,no acepto,montaña,60-70,600,350,compartido,['no'],[],True,<3,0,0,2,3,0,0,0,0,0,0,0,0,0,0,0,0,0,0,0,0,0,0,0,0,0,0,4,0,0,0,0,0,0,0,0,0,0,0,1,0,0,0,0,3,0,2,0,0,0,0,0,1,0,0,0,0,0,0,0,0,5,0,0,2,0,5,0,4,0,0,0,0,5,4,4,0,0,0,0,0,4,5,0,0,0,0,4,3,0,0,4,0,0,0,0,0,2,0,0,0,0,0,0,4,0,3,1,0,0,0,0,0,0,3,0,0,0,0,0,0,0,0,0,0,0,0,1,0,0,0,0,0,0,0,0,0,0,0,0,0,0,0,0,0,0,0,0,0,0,0,0,0,0,0,2,0,0,2,0,0,0,0,0,0,0,0,0,0,0,0,0,0,0,2,0,0,0,0,0,0,0,0,0,0,0,0,0,1,0,0,3,0,0,0,0,0,0,0,0,0,0,0
23,24,Pío,Pagès,Valenzuela,P. P.,61,hombre,investigaciontecnica,Extremadura,Badajoz,misma comunidad,+34746104753,pío_pagès@gmx.de,Castellano,no acepto,Individual,acepto,acepto,Común,acepto,no acepto,montaña,60-70,500,300,privado,['piscina' 'jardin' 'terraza'],"['golf' 'recreativos' 'salacine' 'cocina' 'spa' 'billar' 'esqui'
 'barbacoa' 'piscina' 'salamanualidades' 'futbol' 'huerto' 'gimnasio'
 'lavavajillas' 'pingpong' 'trastero' 'padel' 'lavanderia' 'futbolin'
 'buffet' 'baloncesto' 'hipica' 'rehabilitacion' 'tenis' 'zonasverdes'
 'cubierta' 'garage']",True,<9,4,0,0,0,5,0,0,5,0,0,0,0,2,0,5,5,0,0,0,2,0,0,1,0,1,0,0,5,0,2,2,0,4,0,0,5,1,0,4,0,0,0,0,2,4,4,2,2,5,5,4,0,0,0,0,2,1,0,0,0,0,0,0,1,0,0,0,0,4,0,2,5,0,0,0,0,0,3,0,4,3,0,0,0,2,4,0,0,1,0,0,4,0,0,0,2,2,0,1,4,3,3,0,0,0,3,4,5,0,0,0,3,3,2,0,3,0,3,4,0,0,1,0,5,0,0,0,0,0,0,4,1,0,2,1,0,3,0,5,5,0,0,2,0,5,0,0,1,3,3,0,0,0,1,0,0,4,0,0,0,2,0,0,0,1,0,5,0,0,5,1,0,4,0,0,0,0,4,3,0,0,0,5,2,2,0,5,2,3,0,4,2,2,0,0,1,0,3,0,0,1,0
24,25,José Manuel,Arco,Landa,J. A.,62,hombre,empresariales,La Rioja,La Rioja,misma comunidad,+34717622415,josé manuel_arco@gmail.com,Castellano,no acepto,Familia,no acepto,no acepto,Común,no acepto,acepto,costa,+80,700,800,compartido,['jardin' 'terraza' 'piscina'],"['recreativos' 'barbacoa' 'lavavajillas' 'salacine' 'cubierta' 'piscina'
 'pingpong' 'baloncesto' 'billar' 'golf' 'lavanderia' 'futbolin' 'futbol'
 'esqui' 'hipica' 'salamanualidades' 'cocina' 'garage' 'trastero'
 'gimnasio' 'buffet' 'padel' 'rehabilitacion' 'huerto' 'zonasverdes'
 'tenis' 'spa']",True,<3,0,0,0,0,0,0,0,0,0,5,0,5,0,0,0,0,0,0,5,0,0,0,0,5,0,0,2,0,0,0,0,0,0,0,0,0,0,0,2,2,0,0,0,0,0,0,0,0,0,0,0,0,0,0,0,0,0,0,3,0,0,0,1,0,0,0,3,4,0,0,0,0,0,0,0,0,0,0,0,0,0,0,0,0,0,0,0,0,0,0,0,0,0,0,0,0,0,0,0,0,0,0,0,0,0,0,0,0,0,0,0,0,0,0,0,0,0,0,0,0,0,0,4,0,0,0,4,0,0,0,0,0,0,0,0,0,0,0,0,0,0,4,0,0,0,0,0,0,5,0,0,0,0,0,0,0,0,0,0,4,0,1,0,0,0,0,0,1,0,0,0,0,0,0,1,0,0,0,5,1,0,0,0,0,0,0,0,0,0,0,0,0,3,0,0,4,0,0,0,0,0,1
25,26,Reece,Williams,,R. W.,64,hombre,construccion,Ciudad Autónoma de Ceuta,Ceuta,todo el país,+34982636365,reece_williams@yahoo.com,English,no acepto,Familia,no acepto,no acepto,Común,no acepto,acepto,montaña,60-70,1400,600,compartido,['piscina' 'terraza' 'jardin'],[],False,<3,0,0,0,0,0,0,0,0,0,0,0,0,0,0,0,0,5,0,0,0,0,0,0,3,3,0,5,0,0,0,0,0,0,0,4,0,0,0,0,0,0,2,0,0,0,0,2,5,0,0,0,0,0,0,0,1,0,3,0,0,0,0,2,0,2,0,0,3,0,5,4,0,1,0,0,0,0,0,0,0,0,2,0,0,0,0,0,0,0,0,0,5,0,0,0,0,0,0,5,0,0,4,0,5,0,0,0,0,0,0,0,0,0,0,0,0,0,2,0,0,0,0,0,0,0,3,3,0,0,0,0,1,0,0,0,0,0,0,0,0,0,0,0,0,0,0,1,0,0,0,0,0,0,5,0,0,0,0,0,0,0,0,0,0,0,0,0,0,0,0,0,0,0,0,0,0,0,0,0,0,0,4,0,0,0,0,0,0,0,5,0,0,4,0,0,0,0,0,0,0,0,5
26,27,Adrián,Suarez,Román,A. S.,60,hombre,investigaciontecnica,Castilla y León,Zamora,misma provincia,+34732094463,adrián_suarez@yahoo.com,Castellano,acepto,Familia,acepto,no acepto,Común,acepto,acepto,costa,70-80,700,150,compartido,['no'],"['futbol' 'trastero' 'lavanderia' 'cubierta' 'billar' 'baloncesto'
 'salamanualidades' 'esqui' 'cocina' 'pingpong']",True,+10,0,0,0,1,0,0,0,0,2,0,0,0,0,0,0,0,0,4,0,0,0,0,2,1,5,0,0,0,1,0,0,3,0,0,0,4,0,0,5,0,4,0,0,0,0,0,0,4,0,0,0,0,0,0,0,0,0,0,0,3,4,0,0,0,4,0,2,0,0,4,0,0,3,0,1,3,0,0,1,3,0,0,0,0,0,0,3,0,0,4,0,1,0,1,3,0,0,5,0,2,0,4,0,1,0,0,0,0,1,2,0,0,4,0,0,1,1,0,0,0,3,5,0,0,0,0,0,4,0,0,0,2,0,0,0,0,4,1,0,0,0,0,0,2,0,0,0,0,0,0,0,2,0,0,3,0,3,4,0,0,3,0,0,0,0,0,0,0,0,0,0,0,3,0,0,0,2,0,0,0,0,0,0,0,2,0,0,0,0,0,0,0,0,0,0,0,1,2,2,0,0,5
27,28,Matthieu,Cousin,,M. C.,67,hombre,comunicacion,Comunidad Foral de Navarra,Navarra,misma comunidad,+34894548957,matthieu_cousin@sapo.pt,Français,acepto,Grupo,no acepto,no acepto,Vegetariano,no acepto,no acepto,costa,+80,700,50,compartido,['piscina' 'jardin' 'terraza'],"['barbacoa' 'lavavajillas' 'trastero' 'cubierta' 'salacine' 'cocina'
 'baloncesto' 'garage' 'futbolin' 'spa' 'tenis' 'salamanualidades' 'golf'
 'padel' 'lavanderia' 'piscina' 'huerto' 'gimnasio' 'buffet' 'billar'
 'recreativos' 'esqui' 'pingpong' 'hipica' 'zonasverdes']",True,<9,0,0,0,0,0,0,5,0,0,0,0,2,0,0,0,0,4,0,0,0,4,5,0,0,0,2,0,0,0,0,0,0,2,0,0,0,0,0,0,0,0,4,0,3,2,0,0,0,4,0,0,0,1,0,0,0,0,0,0,0,0,0,0,0,0,0,0,0,0,0,0,0,3,0,0,0,0,4,0,0,2,0,0,0,0,0,0,0,0,0,0,0,0,0,4,0,4,0,0,0,0,0,0,0,0,0,1,0,0,3,0,0,0,0,5,0,4,0,0,0,0,0,0,0,0,0,0,0,0,0,0,0,3,4,0,0,0,0,0,0,0,4,5,0,0,0,0,0,2,0,0,0,0,0,0,0,0,0,0,0,0,0,0,0,0,3,2,0,0,0,0,0,0,2,0,0,0,0,0,0,0,0,0,0,0,0,0,0,0,0,0,0,0,0,0,0,0,0,0,0,0,0
28,29,Mayte,Barranco,Ferrer,M. B.,60,mujer,derecho,Castilla y León,Zamora,misma provincia,+34723633770,mayte_barranco@outlook.com,Castellano,acepto,Grupo,no acepto,acepto,Común,acepto,no acepto,costa,+80,300,850,compartido,['terraza' 'jardin'],"['futbol' 'zonasverdes' 'salamanualidades' 'buffet' 'cocina' 'barbacoa'
 'baloncesto' 'cubierta' 'hipica' 'pingpong' 'billar' 'esqui' 'spa'
 'trastero' 'tenis' 'golf' 'garage' 'gimnasio' 'recreativos' 'lavanderia'
 'lavavajillas' 'padel' 'rehabilitacion' 'huerto' 'futbolin' 'piscina']",True,+10,1,0,3,5,4,3,3,0,0,3,5,0,3,0,0,0,0,5,1,0,0,4,0,5,0,1,3,0,1,0,2,2,5,0,5,0,5,0,4,0,2,2,0,0,0,0,1,5,2,0,2,0,0,0,3,3,0,4,4,0,5,0,0,3,0,1,4,0,0,0,2,1,0,0,5,5,0,2,0,4,0,4,5,0,0,0,0,0,0,2,2,1,5,4,0,2,0,0,0,1,4,0,1,3,0,0,0,2,5,0,0,0,0,0,0,1,1,0,5,0,0,0,3,0,0,0,0,0,0,0,4,0,3,0,0,0,5,1,0,0,0,3,4,4,0,0,3,0,3,0,3,1,0,0,3,0,3,1,2,2,5,1,3,5,0,0,0,0,3,2,0,1,0,4,0,0,0,0,0,1,4,4,0,2,0,5,3,0,3,2,0,0,4,0,0,0,0,2,1,2,5,0
29,30,Tomás,Lopes,Anjos,T. L.,67,hombre,enseñanza,País Vasco,Guipúzcoa,misma provincia,+34876224445,tomás_lopes@hotmail.com,Português,acepto,Grupo,no acepto,no acepto,Común,acepto,no acepto,costa,+80,600,500,compartido,['jardin' 'piscina'],"['spa' 'billar' 'huerto' 'hipica' 'rehabilitacion' 'trastero' 'padel'
 'futbol' 'salamanualidades']",True,<6,0,0,0,0,0,0,5,0,0,0,0,1,0,0,4,1,0,0,0,0,1,0,2,0,0,0,4,3,0,0,0,0,0,4,2,0,2,0,5,0,0,0,0,2,0,0,0,0,0,0,0,0,0,0,4,4,2,0,5,0,0,0,0,1,2,4,3,2,0,0,0,3,0,0,3,0,0,0,0,0,0,0,0,0,0,0,0,1,0,0,0,0,0,0,0,0,0,0,1,0,0,2,0,0,4,0,0,0,0,0,0,4,0,0,0,0,0,0,2,0,0,0,5,0,0,0,0,0,1,0,0,0,4,5,0,4,0,0,0,1,0,0,0,4,0,0,0,2,0,1,0,0,0,4,0,0,0,0,0,2,2,2,2,0,0,0,2,0,0,2,0,2,0,5,0,0,1,1,0,0,0,0,0,4,0,0,0,0,0,0,0,2,0,5,2,1,0,0,0,0,0,0
30,31,Carmen,Adán,Corbacho,C. A.,63,mujer,investigaciontecnica,Ciudad Autónoma de Ceuta,Ceuta,misma comunidad,+34741989515,carmen_adán@yahoo.com,Català,no acepto,Grupo,acepto,acepto,Vegetariano,no acepto,acepto,montaña,+80,1500,400,compartido,['terraza'],"['buffet' 'zonasverdes' 'esqui' 'billar' 'piscina' 'padel' 'golf'
 'salamanualidades' 'cocina' 'recreativos' 'futbolin']",True,<3,3,0,0,3,2,2,1,1,0,2,0,0,5,0,1,0,2,0,5,0,0,0,0,3,0,0,5,2,0,0,5,2,0,0,0,0,3,4,0,0,2,0,2,0,0,3,0,4,4,1,0,2,0,0,2,0,0,0,5,0,2,3,0,2,0,0,1,5,0,0,4,3,0,0,0,3,0,3,3,0,5,5,2,0,3,0,4,0,5,1,0,0,3,0,0,5,4,0,2,0,3,3,4,2,4,0,2,0,1,0,0,3,0,0,1,0,0,0,0,2,0,2,4,2,1,4,5,0,0,2,2,0,3,0,0,0,0,2,0,0,0,3,3,1,2,0,0,0,2,0,5,1,2,0,0,0,4,2,1,0,5,5,0,1,0,0,2,5,0,0,5,5,0,0,4,3,0,0,0,0,2,3,0,5,5,4,0,5,0,0,0,0,4,0,5,0,0,5,3,3,0,0
31,32,Aline,Schönland,,A. S.,70,mujer,cine,Islas Baleares,Islas Baleares,misma comunidad,+34936918939,aline_schönland@tiscali.it,Deutsche,acepto,Individual,acepto,no acepto,Común,no acepto,acepto,costa,50-60,600,150,compartido,['terraza'],['cocina' 'tenis' 'pingpong' 'salacine' 'padel' 'lavavajillas'],True,<3,0,0,0,0,0,0,0,1,0,0,0,0,0,0,0,0,0,0,0,0,0,0,3,0,0,0,0,0,0,0,0,0,2,0,0,0,2,5,0,0,0,0,0,0,0,0,0,0,0,0,0,0,0,0,0,0,1,1,0,0,2,0,0,0,0,0,0,0,0,1,0,0,0,5,0,0,0,1,0,0,0,5,0,0,0,0,0,0,0,0,0,0,1,0,0,0,0,0,0,0,0,0,0,0,0,0,0,0,4,0,0,0,0,0,0,2,0,0,0,5,0,1,0,3,0,0,0,0,0,5,0,0,0,0,0,0,0,0,0,0,0,0,0,0,0,0,0,1,0,0,0,0,0,0,0,0,0,0,0,1,0,0,0,0,0,0,0,0,1,0,0,3,0,0,0,0,0,0,4,0,0,0,0,4,0,0,0,0,0,0,0,0,0,0,0,0,0,4,0,5,0,0
32,33,Daniela,Beltran,Blanes,D. B.,61,mujer,construccion,Ciudad Autónoma de Melilla,Melilla,misma comunidad,+34720963117,daniela_beltran@yahoo.com,Euskara,acepto,Familia,no acepto,acepto,Vegetariano,no acepto,acepto,interior,60-70,600,1000,compartido,['terraza' 'piscina' 'jardin'],['lavavajillas' 'pingpong'],True,<6,0,4,0,0,0,0,0,0,0,0,0,0,0,0,0,4,0,2,4,0,0,4,4,0,0,5,5,0,0,0,3,0,0,0,2,0,0,3,0,0,0,0,0,0,0,0,0,0,0,0,3,0,0,5,0,0,4,0,2,2,0,0,0,5,0,0,3,0,0,0,5,0,4,0,5,0,0,5,0,0,0,0,0,0,0,2,0,0,0,0,0,0,0,0,0,5,0,3,4,2,3,0,0,1,0,0,0,0,3,0,0,3,0,1,0,0,4,0,0,0,0,0,0,0,0,1,0,0,0,4,0,0,0,5,0,0,0,1,1,5,0,1,3,0,0,0,0,0,0,0,0,5,5,0,0,0,0,0,5,0,2,0,0,0,0,3,0,0,0,3,0,0,0,0,0,0,0,0,0,0,0,0,1,0,0,0,0,4,0,0,1,0,4,0,0,0,0,0,3,5,0,0
33,34,Moisés,Miralles,Vilanova,M. M.,62,hombre,musica,Aragón,Teruel,misma provincia,+34720844385,moisés_miralles@hotmail.com,Euskara,acepto,Individual,no acepto,no acepto,Común,acepto,acepto,costa,60-70,300,200,compartido,['jardin' 'piscina' 'terraza'],"['billar' 'futbol' 'zonasverdes' 'padel' 'gimnasio' 'cubierta'
 'salamanualidades' 'trastero' 'pingpong' 'huerto' 'tenis' 'cocina'
 'salacine' 'hipica' 'barbacoa' 'lavavajillas' 'lavanderia' 'recreativos'
 'golf' 'buffet' 'garage' 'spa' 'esqui' 'rehabilitacion' 'futbolin']",True,<9,0,3,0,0,5,0,0,0,1,0,1,0,0,3,0,0,0,4,3,0,0,0,0,0,5,0,1,4,0,0,0,1,0,0,0,0,0,3,0,5,0,0,0,0,3,0,0,0,4,0,4,0,0,5,4,5,0,0,0,0,0,0,2,0,0,4,5,3,0,4,0,0,2,3,0,0,0,3,0,5,0,0,0,5,0,3,0,0,5,0,3,0,0,0,0,0,5,0,0,0,0,0,3,0,0,0,0,0,0,0,0,4,0,3,0,5,0,0,0,0,5,0,0,0,1,5,0,0,0,0,2,0,0,0,0,0,0,0,3,5,0,0,0,2,0,0,3,0,0,0,1,0,0,4,0,0,0,0,0,0,0,0,0,0,0,0,0,0,0,0,0,0,0,5,1,0,0,0,0,0,0,0,2,0,0,0,0,0,0,5,0,0,0,2,0,0,0,0,0,0,0,0
34,35,Andrea,Stevenson,,A. S.,70,mujer,derecho,Extremadura,Cáceres,misma provincia,+34706600275,andrea_stevenson@gmail.com,English,no acepto,Grupo,acepto,no acepto,Común,acepto,acepto,costa,60-70,700,650,privado,['piscina' 'terraza' 'jardin'],"['padel' 'baloncesto' 'buffet' 'cocina' 'futbolin' 'golf' 'rehabilitacion'
 'zonasverdes' 'hipica' 'huerto']",True,<9,0,0,0,2,0,0,4,0,0,3,0,1,0,5,0,0,5,0,0,0,4,4,0,0,0,0,0,0,3,0,0,0,0,5,4,5,0,0,1,0,3,4,4,0,0,0,0,2,0,0,3,0,1,0,3,0,0,1,0,5,0,0,0,3,1,0,0,0,3,0,0,0,2,0,0,2,0,1,0,0,0,0,0,0,0,0,2,0,0,5,3,5,0,0,0,0,0,2,4,1,3,0,0,0,4,0,0,0,0,0,0,2,0,0,5,0,0,0,1,0,0,0,0,4,5,0,0,0,0,5,0,3,0,0,4,0,0,0,0,0,0,0,4,3,0,0,0,0,0,2,3,4,0,0,0,5,0,0,2,4,0,0,0,0,0,4,0,0,0,4,0,2,0,0,0,0,0,0,0,0,0,0,0,0,0,0,0,0,0,0,4,2,0,1,0,0,0,1,0,0,1,0
35,36,Edgardo,Puerta,Calleja,E. P.,67,otro,cine,Comunidad de Madrid,Madrid,todo el país,+34711026944,edgardo_puerta@aol.de,Castellano,no acepto,Familia,no acepto,no acepto,Vegano,acepto,no acepto,montaña,70-80,400,1000,privado,['piscina' 'terraza' 'jardin'],['gimnasio' 'futbolin' 'hipica' 'buffet' 'recreativos'],False,<6,0,0,2,1,0,0,4,0,0,0,0,0,5,0,1,4,2,0,0,0,0,0,0,5,3,0,0,0,2,0,5,0,0,0,4,0,0,0,0,0,3,2,0,0,2,0,0,0,2,0,0,0,0,0,0,0,0,1,0,0,0,0,0,2,0,0,0,0,0,0,0,0,0,0,3,0,0,0,0,0,4,0,5,0,0,0,0,0,0,0,0,0,1,0,0,0,0,0,3,0,0,0,0,4,2,0,5,3,1,0,0,0,0,0,0,0,0,0,0,0,0,0,0,0,1,0,5,0,0,0,0,4,3,0,0,0,0,0,0,0,0,0,0,0,0,5,1,0,0,0,0,0,0,0,0,0,0,0,0,2,0,0,0,0,5,0,0,0,3,4,0,0,0,0,0,0,0,0,2,4,0,0,0,0,0,0,0,4,0,0,0,0,0,5,0,0,1,0,2,5,0,0
36,37,Ruben,Téllez,Flores,R. T.,65,hombre,forestal,Aragón,Huesca,misma comunidad,+34742359716,ruben_téllez@gmail.com,Castellano,no acepto,Individual,acepto,no acepto,Común,no acepto,no acepto,costa,70-80,400,300,compartido,['jardin' 'terraza' 'piscina'],"['futbolin' 'trastero' 'hipica' 'lavanderia' 'pingpong' 'rehabilitacion'
 'recreativos' 'salamanualidades' 'salacine' 'cocina' 'huerto']",True,<9,0,1,4,0,1,0,0,0,0,0,1,0,0,0,1,0,0,2,0,0,4,0,0,0,0,0,3,0,0,1,0,0,0,4,0,0,0,3,0,4,0,0,0,0,0,0,0,1,0,5,5,0,0,0,0,0,5,0,0,0,4,0,0,0,0,4,2,5,0,0,0,3,3,2,3,0,0,2,0,2,0,0,0,0,0,0,5,5,4,0,1,5,0,0,0,4,0,0,0,0,4,0,0,5,0,3,0,0,5,4,0,0,0,0,1,0,0,2,0,4,0,0,5,1,0,0,0,0,0,1,4,3,2,0,0,0,0,0,0,4,2,0,0,0,5,0,0,1,0,0,2,0,0,0,2,5,0,0,0,0,4,1,0,0,0,0,0,0,0,3,0,1,0,1,4,0,4,4,0,0,4,5,0,0,4,0,4,0,0,0,0,0,5,0,0,0,2,1,1,2,1,2
37,38,Ariadna,Pineda,Seco,A. P.,74,mujer,comunicacion,Ciudad Autónoma de Melilla,Melilla,misma provincia,+34846502961,ariadna_pineda@googlemail.com,Castellano,no acepto,Familia,no acepto,acepto,Común,no acepto,acepto,montaña,60-70,400,750,compartido,['no'],"['golf' 'salamanualidades' 'hipica' 'futbolin' 'huerto' 'pingpong'
 'cocina' 'rehabilitacion' 'zonasverdes' 'recreativos' 'lavanderia'
 'baloncesto' 'billar' 'trastero' 'gimnasio' 'cubierta']",False,<3,0,0,0,0,3,0,0,0,0,4,0,0,2,4,5,0,0,5,0,0,0,1,3,1,0,0,0,4,0,0,0,0,0,0,0,0,0,0,0,1,0,0,2,0,0,2,2,0,3,2,0,1,5,3,0,1,4,0,0,0,4,0,0,0,0,4,1,0,0,0,0,0,0,0,0,0,5,0,0,0,0,0,3,0,0,2,0,0,0,0,0,0,0,0,0,1,0,0,0,0,0,0,0,2,0,0,0,0,0,0,0,0,4,0,0,0,0,0,0,0,0,0,0,5,3,0,0,0,0,5,0,3,0,4,3,0,0,0,3,0,0,0,0,0,0,0,0,0,0,1,0,0,0,0,4,4,1,2,1,0,4,1,0,0,0,0,0,1,0,0,5,0,0,0,0,0,0,0,5,0,5,0,0,0,0,0,0,2,0,5,3,2,0,0,0,0,0,0,2,1,2,0
38,39,Fanny,Nogueira,Cadenas,F. N.,61,mujer,amacasa,Comunidad Foral de Navarra,Navarra,misma comunidad,+34702134438,fanny_nogueira@yahoo.com,Euskara,no acepto,Grupo,no acepto,acepto,Común,acepto,acepto,montaña,+80,700,700,compartido,['piscina' 'jardin'],"['tenis' 'piscina' 'recreativos' 'lavavajillas' 'gimnasio' 'salacine'
 'huerto' 'lavanderia' 'esqui' 'golf' 'futbolin' 'billar' 'cocina'
 'zonasverdes' 'padel' 'garage' 'pingpong' 'futbol' 'buffet']",True,<3,0,0,0,2,0,0,0,0,0,0,5,0,4,0,0,0,2,1,0,2,0,5,5,0,0,3,0,0,0,0,0,5,0,5,0,0,0,5,1,5,0,0,0,1,4,0,2,0,5,0,5,0,0,3,0,0,0,1,0,0,0,0,0,4,1,0,4,0,3,0,0,4,0,0,1,4,3,0,0,1,0,0,0,0,2,0,0,0,5,0,0,0,4,0,0,0,0,3,0,0,2,0,0,1,5,2,0,5,0,5,4,5,1,0,2,4,0,0,0,0,0,0,2,5,5,0,0,0,0,2,0,0,0,1,3,0,0,0,0,0,0,5,0,0,0,3,0,0,0,0,0,3,2,0,0,3,0,0,3,0,0,4,2,0,2,4,4,4,1,2,0,4,5,2,0,1,0,3,2,2,4,3,0,0,0,5,0,0,0,1,0,3,0,0,1,4,0,0,0,0,3,5
39,40,Alida,Riehl,,A. R.,60,mujer,artes,Aragón,Teruel,misma provincia,+34744862318,alida_riehl@gmail.com,Deutsche,no acepto,Individual,no acepto,acepto,Común,acepto,acepto,costa,60-70,600,50,privado,['no'],['hipica' 'lavavajillas' 'lavanderia' 'salacine' 'huerto'],True,<6,0,3,0,0,0,0,0,0,0,4,1,0,0,0,0,0,0,0,0,0,0,0,1,5,0,3,0,0,0,0,0,0,0,0,0,0,0,0,0,4,0,0,0,0,0,3,0,0,0,0,2,0,0,0,0,0,1,0,0,0,0,0,0,0,0,4,0,0,0,0,0,0,0,0,0,2,0,2,0,0,0,0,0,0,0,0,0,0,0,0,0,0,0,0,0,2,1,0,3,0,0,1,0,0,4,0,0,0,4,2,0,0,2,3,0,0,5,5,0,0,0,0,0,0,0,0,0,0,4,3,3,0,0,0,0,0,0,0,0,0,0,0,0,0,0,0,0,0,0,0,0,2,0,0,2,0,0,0,0,0,0,0,0,5,0,0,0,0,0,0,0,0,0,0,0,0,0,0,0,0,0,0,1,0,0,4,0,0,0,0,0,0,0,0,0,0,3,0,0,0,0,5
40,41,Teresita,Guardia,Anaya,T. G.,89,mujer,enseñanza,Principado de Asturias,Asturias,misma comunidad,+34656417083,teresita_guardia@web.de,Euskara,no acepto,Familia,no acepto,no acepto,Vegetariano,no acepto,acepto,interior,50-60,700,1000,compartido,['jardin'],['baloncesto' 'tenis' 'piscina' 'buffet'],True,<6,0,0,0,0,0,0,1,0,0,0,0,0,0,0,0,4,0,4,0,0,0,0,2,0,0,0,5,0,0,0,0,4,4,4,0,0,0,0,0,0,0,0,0,0,4,1,3,0,0,0,0,4,0,1,0,0,0,0,0,0,4,5,3,0,0,0,0,0,0,0,1,0,0,0,0,0,0,3,0,0,0,0,4,3,0,0,2,0,0,0,0,0,0,0,0,1,0,0,1,0,3,1,3,0,0,4,0,0,0,0,0,4,0,1,0,0,0,0,0,0,0,0,0,0,0,0,4,0,3,0,0,0,0,0,0,2,2,0,0,0,0,0,0,0,0,0,1,0,0,0,0,2,0,0,3,0,0,0,0,0,0,0,0,0,0,0,0,0,0,0,0,0,0,0,0,0,0,0,4,0,0,0,0,0,0,0,0,0,0,0,0,3,0,5,0,0,0,0,0,0,0,0
41,42,Ainoa,Urrutia,Maldonado,A. U.,65,mujer,comunicacion,Castilla-La Mancha,Albacete,misma provincia,+34724272183,ainoa_urrutia@hotmail.de,Castellano,no acepto,Grupo,no acepto,no acepto,Común,no acepto,no acepto,montaña,50-60,1100,700,privado,['no'],['billar' 'salacine' 'padel' 'baloncesto' 'esqui'],True,<9,0,0,0,0,0,0,5,0,0,0,0,0,0,4,0,0,0,0,1,0,0,0,2,0,0,1,0,0,0,0,0,0,4,0,0,0,3,0,0,2,3,0,2,0,0,0,0,0,0,0,0,0,0,0,0,0,0,0,0,0,3,0,0,0,0,0,0,0,0,0,0,3,0,0,0,0,0,0,0,0,1,0,0,0,0,0,0,2,0,0,0,0,0,3,0,0,4,5,0,0,0,0,0,0,0,0,0,0,0,0,0,0,0,0,0,0,0,0,4,3,0,2,0,0,0,0,0,0,1,0,0,3,0,0,0,0,0,0,0,0,0,0,0,1,4,0,0,0,0,0,0,0,0,0,0,0,0,0,0,0,0,0,0,0,0,0,0,0,0,0,0,0,3,0,0,5,0,0,0,2,0,0,1,3,0,0,0,0,0,0,0,0,0,0,4,2,4,0,5,0,0,0
42,43,Flavia,Castañeda,Sala,F. C.,63,mujer,investigacioncientifica,Extremadura,Badajoz,misma provincia,+34713976908,flavia_castañeda@hotmail.de,Castellano,no acepto,Grupo,no acepto,no acepto,Común,no acepto,no acepto,montaña,50-60,900,400,compartido,['jardin'],"['salacine' 'lavavajillas' 'billar' 'spa' 'trastero' 'barbacoa' 'golf'
 'buffet' 'tenis' 'garage' 'futbolin' 'gimnasio' 'esqui' 'recreativos'
 'baloncesto' 'lavanderia' 'pingpong' 'cubierta' 'futbol']",False,+10,4,0,5,0,3,0,3,5,0,3,0,0,3,1,0,0,0,0,0,0,5,0,0,4,0,3,0,1,2,1,0,0,3,0,0,0,4,0,4,0,0,3,0,0,0,0,0,0,0,1,0,0,0,0,5,0,0,0,0,1,0,0,0,0,0,5,0,0,5,0,0,0,2,1,0,0,0,0,0,0,2,5,0,5,0,0,0,0,0,4,0,0,2,0,4,0,5,0,4,2,0,0,0,0,0,4,0,5,0,0,0,0,0,0,0,0,0,0,1,0,0,0,3,1,0,0,0,0,3,4,0,0,0,0,0,0,3,1,2,0,2,5,0,0,4,4,2,0,0,0,0,0,0,2,0,0,0,0,4,0,0,0,0,0,1,0,0,0,1,5,0,5,1,2,0,0,0,0,0,0,1,0,0,0,0,5,1,0,2,0,0,0,0,0,0,0,0,0,0,0,0,0
43,44,Paulina,Soto,Avilés,P. S.,67,mujer,derecho,Ciudad Autónoma de Ceuta,Ceuta,misma provincia,+34681398817,paulina_soto@gmail.com,Castellano,no acepto,Individual,acepto,no acepto,Común,acepto,no acepto,interior,70-80,400,150,privado,['jardin' 'terraza' 'piscina'],"['baloncesto' 'trastero' 'futbol' 'zonasverdes' 'rehabilitacion'
 'cubierta' 'lavavajillas' 'gimnasio' 'pingpong' 'buffet' 'hipica'
 'huerto' 'lavanderia' 'salamanualidades' 'esqui' 'futbolin' 'barbacoa'
 'golf' 'billar' 'garage']",True,<6,0,2,4,3,0,1,5,0,0,0,0,0,1,0,3,1,0,0,0,0,0,0,0,0,3,3,0,1,3,5,2,0,4,1,0,0,4,0,4,1,0,1,3,0,0,2,3,0,0,0,0,0,0,1,3,0,0,0,4,1,0,0,3,4,1,0,3,0,3,0,1,0,0,1,0,0,0,4,4,0,4,0,5,4,0,3,0,0,5,4,0,5,3,0,5,1,0,0,0,0,0,0,0,2,0,1,0,0,3,0,0,0,5,0,5,0,0,2,0,0,0,3,0,0,0,0,0,0,5,4,0,0,0,3,4,0,0,0,0,0,0,2,0,5,4,0,0,4,0,0,0,3,0,0,0,0,0,0,5,0,1,0,3,2,4,0,0,0,1,0,1,0,0,3,0,1,0,2,0,4,0,5,4,0,0,0,3,0,5,0,0,0,0,1,4,0,3,5,4,0,2,0
44,45,Gilles,Bonnin,,G. B.,60,hombre,derecho,Andalucía,Jaén,misma comunidad,+34745002094,gilles_bonnin@gmail.com,Français,acepto,Grupo,acepto,no acepto,Común,no acepto,no acepto,costa,70-80,700,650,privado,['jardin'],"['futbol' 'spa' 'barbacoa' 'futbolin' 'recreativos' 'pingpong'
 'rehabilitacion' 'billar' 'hipica' 'piscina' 'huerto' 'lavanderia'
 'tenis' 'salamanualidades']",True,<3,0,0,4,0,0,0,0,5,0,0,1,0,0,1,0,3,5,0,4,0,0,0,0,3,0,0,2,0,0,2,0,0,0,1,0,2,0,0,5,0,2,4,5,0,0,0,0,1,0,0,0,0,0,0,0,0,0,0,0,4,4,0,0,1,0,0,2,0,0,0,0,3,1,0,5,1,0,2,1,0,2,0,5,0,3,0,0,0,3,1,0,2,2,1,0,0,0,0,0,0,3,0,0,0,0,0,0,1,0,0,0,5,0,0,0,0,4,4,0,0,3,0,0,0,0,0,0,5,0,0,3,4,0,0,0,0,0,5,1,1,0,0,0,0,3,0,0,0,0,5,0,0,0,1,4,4,0,0,2,0,0,0,0,0,0,0,0,0,0,0,0,0,0,5,0,0,0,5,0,0,0,0,0,3,3,0,0,0,0,0,0,0,0,0,0,4,0,0,0,0,3,1
45,46,Maurice,Bernier,,M. B.,67,hombre,musica,Ciudad Autónoma de Ceuta,Ceuta,misma comunidad,+34872593525,maurice_bernier@hotmail.com,Français,no acepto,Familia,no acepto,no acepto,Vegetariano,no acepto,acepto,montaña,60-70,1100,600,compartido,['no'],"['gimnasio' 'lavavajillas' 'spa' 'golf' 'esqui' 'lavanderia' 'hipica'
 'padel' 'recreativos' 'huerto' 'salacine' 'futbol' 'garage' 'piscina'
 'salamanualidades']",True,+10,4,2,0,0,0,0,0,4,0,4,0,5,0,0,0,0,0,0,0,0,4,3,0,0,1,3,2,0,5,3,0,0,0,0,0,0,0,4,0,0,0,0,0,0,0,0,0,1,0,0,0,0,5,0,0,0,0,0,0,0,0,3,0,4,0,0,0,5,4,5,0,5,0,0,0,0,0,1,0,0,0,0,0,0,0,0,0,0,0,0,0,0,1,0,0,0,0,0,3,0,4,3,0,0,0,3,0,0,0,0,5,0,0,0,0,0,0,0,3,0,0,0,0,0,1,0,0,0,0,1,0,1,5,0,0,4,1,0,1,2,5,0,0,5,1,0,2,5,0,3,0,0,0,0,0,4,0,4,0,0,0,1,5,0,0,0,0,0,0,5,0,0,0,0,0,3,0,0,0,0,0,0,0,3,0,0,0,0,0,4,0,0,1,0,2,0,0,0,1,0,0,0
46,47,Tere,Maestre,Bonilla,T. M.,67,mujer,rh,País Vasco,Guipúzcoa,misma comunidad,+34703803024,tere_maestre@outlook.com,Castellano,no acepto,Individual,acepto,acepto,Común,no acepto,no acepto,montaña,70-80,800,750,compartido,['terraza'],"['esqui' 'golf' 'salacine' 'baloncesto' 'barbacoa' 'huerto' 'buffet'
 'futbolin' 'rehabilitacion' 'cocina' 'lavanderia' 'tenis'
 'salamanualidades']",True,<3,0,0,0,3,0,1,0,0,0,0,3,5,5,0,3,0,4,0,0,2,0,0,4,0,0,4,0,0,0,1,0,4,0,0,0,0,3,0,0,0,0,0,0,0,4,1,0,0,4,0,3,0,2,4,1,1,1,3,1,3,2,3,0,0,0,0,2,2,0,0,0,3,0,0,1,2,0,0,0,4,3,0,0,3,3,0,3,0,5,0,4,0,5,0,5,0,3,0,0,5,0,2,0,0,4,0,0,3,3,0,5,5,0,0,0,0,0,4,2,4,2,0,1,2,0,0,0,1,2,0,2,4,0,0,0,2,1,2,5,4,5,0,0,0,1,1,3,2,0,2,0,0,1,5,4,0,0,5,0,1,0,0,3,2,0,2,1,5,3,2,4,1,0,0,0,1,0,0,0,0,2,0,4,0,0,0,5,4,0,4,4,2,3,0,0,3,5,5,0,0,4,0
47,48,Mick,van Gastel,,M. v.,71,hombre,seguridad,Andalucía,Granada,misma provincia,+34732649537,mick_van gastel@googlemail.com,Nederlandse,no acepto,Grupo,acepto,no acepto,Común,acepto,acepto,interior,+80,1300,900,privado,['jardin' 'terraza' 'piscina'],"['cocina' 'esqui' 'trastero' 'pingpong' 'huerto' 'tenis' 'futbol' 'buffet'
 'golf' 'rehabilitacion' 'salacine' 'lavanderia' 'recreativos' 'cubierta']",True,<6,0,0,0,4,0,0,0,0,0,3,0,0,0,3,2,0,0,0,0,0,0,0,3,0,1,0,0,2,0,0,0,0,0,0,0,0,0,0,0,0,0,0,2,4,0,0,0,0,0,0,0,5,0,0,0,0,0,0,0,0,0,0,0,0,4,0,1,0,0,0,0,2,0,0,5,5,0,0,0,0,0,0,0,0,3,0,5,4,0,0,0,2,0,0,2,0,0,0,3,0,4,0,0,0,0,0,0,4,0,1,2,0,0,2,0,0,0,0,0,0,0,0,1,2,1,0,0,3,0,0,5,3,0,0,0,0,3,0,0,0,0,0,0,0,0,0,2,3,0,0,0,0,5,0,0,0,0,0,0,5,0,0,5,1,0,0,0,0,0,4,1,1,3,0,0,0,0,0,0,0,0,0,0,3,0,0,0,0,0,0,4,0,0,1,0,0,0,0,0,2,5,2
48,49,Luciano,Thanel,,L. T.,62,hombre,otro,Ciudad Autónoma de Ceuta,Ceuta,todo el país,+34626680326,luciano_thanel@gmail.com,Deutsche,no acepto,Grupo,acepto,acepto,Común,no acepto,no acepto,interior,70-80,600,400,privado,['terraza' 'jardin' 'piscina'],"['futbolin' 'tenis' 'huerto' 'gimnasio' 'cocina' 'futbol' 'hipica'
 'buffet' 'rehabilitacion']",False,<3,0,0,0,3,4,1,0,0,0,0,2,0,4,0,0,4,0,0,0,3,3,2,0,0,4,0,0,0,5,0,0,0,0,0,2,0,0,0,0,0,0,0,0,5,0,3,0,0,0,2,0,0,3,0,0,0,0,5,0,0,4,5,0,0,5,1,3,0,0,1,0,0,0,5,1,0,0,5,4,0,0,0,0,0,4,0,0,0,1,0,0,3,0,0,2,0,0,2,5,0,0,5,0,0,0,0,0,0,0,0,0,0,0,0,0,0,5,0,0,0,0,0,0,2,0,0,1,2,0,0,0,0,0,0,5,0,0,2,0,3,0,0,0,1,0,0,0,0,0,0,0,4,0,0,5,0,0,0,0,0,0,3,2,1,0,4,0,2,1,0,0,0,0,0,0,0,4,1,0,3,0,0,3,0,0,0,0,0,0,1,3,0,0,0,0,2,0,2,2,2,0,0
49,50,Marc,Aguilera,Galiano,M. A.,60,hombre,investigaciontecnica,Cataluña,Lérida,misma comunidad,+34982859565,marc_aguilera@gmail.com,Català,acepto,Familia,no acepto,acepto,Común,acepto,no acepto,costa,60-70,500,600,privado,['piscina' 'jardin' 'terraza'],"['padel' 'cubierta' 'lavavajillas' 'gimnasio' 'barbacoa' 'garage' 'spa'
 'huerto' 'billar' 'futbolin' 'zonasverdes' 'salacine' 'futbol' 'buffet'
 'hipica' 'rehabilitacion' 'tenis' 'trastero' 'golf' 'lavanderia'
 'salamanualidades' 'esqui' 'recreativos']",False,+10,0,0,0,3,0,0,0,3,0,3,2,0,5,1,0,2,0,3,0,5,0,0,5,2,0,0,0,0,1,0,0,5,2,2,0,0,0,4,2,0,5,0,0,3,3,0,0,0,0,0,0,0,0,0,4,5,0,4,0,1,0,3,0,2,0,5,0,2,0,5,0,0,3,0,0,0,3,0,0,0,0,5,5,0,0,5,0,0,0,2,0,0,4,0,0,0,0,0,0,2,0,1,0,3,2,5,5,1,0,4,3,4,0,0,1,0,0,0,1,0,0,0,2,3,0,0,0,0,0,0,0,1,0,0,0,0,0,0,0,0,0,3,3,5,0,0,0,0,2,4,5,3,0,4,0,4,0,0,1,0,3,0,4,0,0,2,2,0,0,0,0,0,0,0,0,0,0,4,4,0,4,2,0,5,0,4,3,2,0,0,0,0,0,0,1,0,5,0,0,0,5,3
50,51,Emilio,Deledda,,E. D.,66,hombre,construccion,Andalucía,Córdoba,misma provincia,+34678451866,emilio_deledda@bouygtel.fr,Italiano,acepto,Grupo,no acepto,no acepto,Vegetariano,acepto,acepto,interior,60-70,600,550,privado,['terraza' 'piscina' 'jardin'],[],True,+10,0,0,4,0,0,0,0,4,0,4,0,5,0,0,0,0,4,0,5,1,0,3,0,0,3,0,0,0,5,0,0,0,0,0,0,0,2,0,0,0,0,5,0,5,5,0,0,0,1,0,0,0,2,0,2,0,3,3,0,0,0,0,0,0,0,0,0,0,3,0,2,0,0,0,0,0,0,0,0,2,0,0,0,0,1,3,0,0,4,5,0,0,0,5,0,0,4,0,0,0,0,0,1,0,0,3,0,5,3,0,2,4,0,4,0,0,0,3,0,1,0,2,5,0,0,0,0,3,0,0,4,0,0,4,0,0,0,0,0,0,0,0,0,0,0,0,4,0,3,0,0,0,0,0,0,4,0,0,4,0,0,0,0,3,0,0,0,0,4,0,0,0,5,0,0,0,0,0,4,1,0,0,5,1,0,1,5,0,5,0,0,0,0,1,0,0,0,0,0,3,0,0
51,52,Gregory,Rowe,,G. R.,83,hombre,cine,Región de Murcia,Murcia,misma comunidad,+34696994352,gregory_rowe@yahoo.com,English,no acepto,Grupo,no acepto,acepto,Común,acepto,acepto,interior,70-80,1200,300,privado,['terraza' 'jardin' 'piscina'],"['padel' 'buffet' 'huerto' 'trastero' 'cubierta' 'barbacoa' 'esqui'
 'rehabilitacion' 'tenis' 'zonasverdes' 'salamanualidades' 'baloncesto'
 'hipica' 'spa' 'lavanderia' 'salacine' 'futbol' 'gimnasio' 'piscina'
 'futbolin' 'billar' 'pingpong' 'lavavajillas' 'recreativos' 'garage']",True,<9,0,1,0,0,2,4,0,0,4,0,0,0,0,0,0,0,0,0,0,2,0,0,1,1,0,0,0,0,1,4,1,0,0,0,2,0,0,0,0,1,0,5,0,0,0,2,2,0,5,0,2,0,0,2,0,0,0,0,0,3,0,0,0,0,0,0,0,0,0,0,0,0,0,0,0,0,0,0,0,0,0,3,0,0,0,0,5,0,0,0,5,0,5,0,0,0,0,3,2,4,3,0,0,3,0,2,0,5,0,0,0,0,0,0,0,0,0,0,2,0,0,0,0,0,0,0,0,0,4,0,0,0,0,0,0,0,1,0,0,0,4,1,3,0,5,0,0,0,1,0,3,0,0,1,1,0,0,0,1,0,0,0,0,0,0,0,0,0,0,0,0,0,3,0,0,5,0,0,0,0,0,5,1,0,0,0,0,0,0,0,2,0,0,0,4,0,0,0,0,0,0,0
52,53,Leanne,Williams,,L. W.,80,mujer,comunicacion,Cantabria,Cantabria,misma provincia,+34890104057,leanne_williams@gmail.com,English,acepto,Grupo,acepto,no acepto,Común,acepto,no acepto,interior,+80,600,700,privado,['terraza' 'piscina' 'jardin'],"['zonasverdes' 'trastero' 'esqui' 'tenis' 'futbolin' 'golf' 'salacine'
 'spa']",True,<9,0,0,3,0,0,0,0,0,0,0,1,0,0,0,0,0,0,0,0,1,0,4,0,0,0,0,0,0,2,0,0,0,0,0,0,0,0,0,0,0,0,0,0,0,0,4,0,0,0,0,0,0,0,0,0,0,0,0,0,0,0,0,0,1,0,3,0,5,0,0,0,0,0,0,0,0,0,0,0,0,0,0,0,2,5,0,2,0,0,0,0,0,0,4,0,0,0,2,0,0,0,0,0,0,0,0,0,0,0,0,0,0,0,0,2,0,0,0,0,0,0,0,0,0,0,0,0,0,0,0,1,0,0,0,0,0,0,0,0,0,0,0,0,0,0,5,0,0,0,0,0,3,1,4,0,0,0,0,0,0,0,0,0,0,0,0,0,0,0,0,0,0,0,1,0,0,0,0,0,0,0,0,0,0,0,5,0,1,2,0,0,0,0,0,1,0,0,0,0,0,0,0
53,54,Curro,Vargas,Acuña,C. V.,63,hombre,empresariales,Galicia,Orense,todo el país,+34744069795,curro_vargas@aol.de,Euskara,no acepto,Familia,no acepto,no acepto,Vegano,acepto,acepto,interior,60-70,1300,200,privado,['jardin' 'terraza'],['garage' 'golf' 'lavanderia' 'barbacoa' 'tenis' 'padel' 'esqui'],False,+10,5,4,0,0,0,0,0,0,0,3,0,2,3,0,0,4,2,1,3,2,0,0,5,2,0,0,1,2,0,5,0,4,0,4,0,4,0,4,5,0,1,0,0,0,5,3,0,0,0,2,0,0,0,1,1,0,0,1,0,2,4,0,0,0,1,0,0,0,0,0,5,4,0,0,0,0,5,1,0,1,1,2,0,5,0,0,0,1,0,1,4,5,0,4,2,3,4,5,2,3,2,2,3,0,3,5,0,0,3,0,0,0,2,0,0,2,5,2,0,0,0,0,0,0,1,0,1,0,0,5,2,0,1,0,0,2,0,0,0,0,0,0,0,0,0,1,5,2,0,0,0,0,0,0,4,3,0,3,2,4,3,0,0,2,0,3,0,1,0,4,0,0,0,0,3,0,3,1,1,0,2,4,0,0,0,0,1,0,2,0,0,2,0,0,5,3,4,5,0,0,5,0
54,55,Teresa,Morgan,,T. M.,76,mujer,construccion,Cantabria,Cantabria,todo el país,+34683929704,teresa_morgan@libero.it,English,acepto,Individual,no acepto,no acepto,Vegetariano,acepto,acepto,costa,50-60,500,350,privado,['terraza' 'piscina'],['salacine' 'padel' 'salamanualidades' 'rehabilitacion'],True,<6,2,1,0,0,0,0,0,5,0,2,4,0,3,0,0,0,3,0,0,0,1,4,0,0,3,0,0,0,1,0,0,0,0,5,4,0,0,4,5,2,2,1,3,0,0,0,0,0,0,0,0,0,2,5,2,0,0,0,0,1,1,0,1,0,0,2,3,0,0,1,3,2,0,0,0,0,0,0,0,1,5,3,1,0,2,0,1,0,0,0,0,5,0,4,4,0,5,0,0,0,0,0,0,0,0,0,0,0,3,0,3,5,0,0,5,2,3,3,0,1,1,0,0,0,0,0,4,4,0,0,0,0,0,0,5,4,5,3,5,0,4,5,1,0,4,4,0,1,3,1,0,0,2,5,2,0,1,5,0,4,4,0,0,0,5,0,4,0,0,4,0,0,0,0,0,3,0,0,4,0,0,0,0,0,4,2,2,4,0,5,0,4,3,0,0,5,5,0,1,0,4,0
55,56,Hilmar,Hellwig,,H. H.,62,otro,empresariales,Castilla-La Mancha,Ciudad Real,misma provincia,+34723503389,hilmar_hellwig@hotmail.com,Deutsche,no acepto,Individual,no acepto,no acepto,Común,acepto,acepto,costa,50-60,300,900,privado,['piscina'],['lavanderia' 'futbolin' 'huerto' 'spa' 'recreativos'],True,<6,0,0,3,0,0,0,0,0,0,0,0,0,0,4,0,0,0,0,3,0,0,4,0,3,0,0,0,2,0,4,5,0,0,2,0,4,0,3,0,5,0,0,0,2,0,0,0,0,0,2,0,0,0,1,0,0,0,1,3,0,0,0,0,0,0,0,0,0,0,0,0,0,4,0,0,0,0,3,0,5,2,0,4,0,5,0,0,0,3,4,5,1,0,1,0,0,0,0,0,0,3,3,4,5,0,3,4,0,1,5,0,3,2,0,2,0,0,0,0,5,3,0,4,1,0,3,5,5,0,0,0,0,0,0,0,0,1,0,0,2,4,0,0,0,0,4,0,0,5,0,0,0,0,0,2,3,0,0,0,0,0,0,0,0,1,0,1,0,5,1,5,0,0,1,5,1,0,0,2,0,0,0,5,0,0,0,5,2,0,0,0,5,0,4,2,0,0,5,0,0,3,0
56,57,Reece,Cole,,R. C.,61,hombre,cine,Comunidad Foral de Navarra,Navarra,misma provincia,+34749781988,reece_cole@hotmail.com,English,no acepto,Individual,no acepto,no acepto,Común,acepto,no acepto,montaña,70-80,300,850,compartido,['no'],[],True,+10,0,3,0,2,0,1,0,0,0,5,0,3,5,3,3,2,1,0,0,0,0,4,4,5,5,0,0,2,0,0,0,1,0,1,0,0,2,0,5,0,4,1,0,0,0,1,0,0,4,0,0,0,2,0,0,0,2,0,0,3,2,3,0,0,0,4,0,0,1,3,2,0,0,1,4,1,1,5,0,0,0,0,5,2,2,5,4,0,5,0,0,3,0,5,0,2,0,3,1,2,0,3,0,4,1,0,4,0,0,0,0,3,0,0,0,5,0,0,0,1,4,4,2,0,0,5,1,0,0,0,1,0,0,3,5,0,0,3,1,3,0,0,0,0,0,4,1,5,0,1,4,0,0,0,3,1,0,3,0,4,0,0,0,0,0,3,0,0,0,0,0,0,0,0,0,5,0,4,0,0,0,0,0,0,0,0,5,1,4,0,0,1,4,2,2,0,5,1,2,0,0,0
57,58,Xavier,Expósito,Abad,X. E.,61,hombre,construccion,Región de Murcia,Murcia,misma provincia,+34720575619,xavier_expósito@bouygtel.fr,Català,acepto,Grupo,acepto,acepto,Vegano,acepto,no acepto,interior,60-70,700,900,privado,['no'],"['recreativos' 'cocina' 'huerto' 'barbacoa' 'spa' 'pingpong' 'padel'
 'zonasverdes' 'gimnasio' 'garage' 'trastero' 'cubierta' 'billar' 'tenis'
 'hipica' 'futbol' 'golf' 'lavanderia' 'salacine' 'lavavajillas'
 'rehabilitacion' 'salamanualidades']",False,<6,0,0,3,0,3,5,2,0,0,0,0,0,0,2,0,0,5,0,3,4,0,0,0,0,0,0,0,0,0,0,0,0,0,0,0,3,0,0,0,2,0,0,0,0,4,0,4,0,0,0,0,0,2,0,0,0,0,0,0,0,0,0,0,0,0,0,0,0,0,0,0,0,0,0,5,0,0,4,1,0,0,0,0,0,0,0,0,0,0,0,0,0,3,0,0,0,0,0,0,1,0,0,0,0,0,0,4,0,2,0,0,0,0,0,0,0,0,0,0,0,5,0,0,4,0,0,0,0,0,0,0,0,0,0,0,0,0,2,0,0,0,0,2,0,1,2,0,1,0,0,0,1,0,0,0,0,0,0,1,0,0,0,0,0,3,1,2,0,0,0,0,3,0,0,4,0,0,0,0,0,0,2,0,4,0,5,0,0,1,0,0,0,0,2,0,0,0,0,0,0,3,1
58,59,Olalla,Royo,Matas,O. R.,69,mujer,otro,Castilla y León,Valladolid,misma provincia,+34713715014,olalla_royo@gmx.de,Castellano,no acepto,Familia,acepto,acepto,Común,no acepto,acepto,interior,50-60,300,400,privado,['no'],['cocina' 'golf' 'salamanualidades' 'recreativos'],False,<3,0,0,0,0,5,1,0,0,0,0,0,4,0,0,0,0,0,0,0,3,0,0,0,0,2,0,5,0,0,0,0,0,3,0,0,0,0,0,0,0,0,0,0,0,0,0,0,0,0,0,0,0,0,3,0,0,1,0,0,4,1,0,0,0,0,0,0,0,0,0,0,0,0,0,0,0,0,0,0,3,0,0,0,0,0,0,0,0,1,0,2,0,0,0,0,0,0,0,0,0,0,0,0,0,0,0,0,5,0,5,0,0,0,0,0,0,0,3,0,0,1,0,0,3,0,0,0,0,0,0,0,0,0,0,0,0,5,0,0,0,0,0,0,0,0,0,0,0,0,0,0,0,0,2,0,0,0,0,0,0,5,0,0,0,3,0,0,0,0,0,0,0,0,0,0,0,5,0,0,0,0,3,0,0,0,0,0,0,0,0,0,0,0,0,0,0,2,0,0,0,0,0
59,60,Carlos,Bustamante,Talavera,C. B.,72,hombre,cine,Ciudad Autónoma de Melilla,Melilla,misma provincia,+34739275739,carlos_bustamante@gmail.com,Català,no acepto,Grupo,acepto,no acepto,Común,acepto,no acepto,interior,50-60,900,650,privado,['jardin'],"['padel' 'barbacoa' 'recreativos' 'cubierta' 'golf' 'baloncesto'
 'rehabilitacion' 'zonasverdes' 'garage' 'futbolin' 'esqui' 'cocina'
 'pingpong' 'salacine' 'tenis']",True,<3,0,3,0,0,0,0,0,0,5,0,0,0,0,0,0,0,0,0,0,0,0,0,0,0,0,0,0,0,0,0,0,0,0,0,0,5,0,4,0,0,0,0,0,3,0,0,0,0,0,1,0,0,5,0,0,4,0,0,5,0,0,1,0,0,0,1,3,0,2,0,0,0,0,0,0,3,4,2,0,0,0,0,0,0,0,5,0,0,1,0,0,0,0,0,0,2,0,0,0,0,1,0,0,0,0,0,0,0,0,0,0,1,0,0,0,0,2,0,0,0,1,2,0,0,0,2,0,0,0,0,3,0,0,0,0,0,0,3,2,0,0,0,4,0,0,4,0,0,0,0,3,0,5,0,0,0,0,2,0,0,0,0,0,0,3,2,0,0,0,1,0,0,0,0,0,0,0,0,3,3,0,2,2,0,0,4,0,0,0,0,0,0,0,0,4,0,4,0,0,0,0,0
60,61,Irene,Herranz,Alonso,I. H.,65,mujer,empresariales,Comunidad Valenciana,Valencia,misma comunidad,+34707670716,irene_herranz@yahoo.com,Castellano,no acepto,Familia,no acepto,acepto,Común,acepto,acepto,montaña,60-70,900,100,compartido,['piscina' 'jardin' 'terraza'],['rehabilitacion' 'futbolin'],True,+10,0,2,0,0,0,0,0,0,4,0,0,3,0,0,3,0,0,0,0,0,0,0,0,0,1,4,0,0,0,0,0,1,2,0,0,0,0,0,0,2,0,0,0,0,2,0,0,0,0,0,0,0,0,0,1,0,0,0,0,0,0,0,0,0,0,3,0,0,0,0,0,0,0,0,0,0,0,5,0,0,0,0,0,0,0,0,0,2,0,0,4,0,0,0,0,0,0,0,3,2,0,0,5,0,0,0,0,1,0,0,0,3,0,4,4,0,0,0,0,0,0,0,0,0,0,1,0,0,0,0,0,0,1,0,0,0,0,0,1,0,4,0,0,3,2,0,0,0,3,0,0,0,1,0,0,0,0,0,0,2,0,0,0,0,1,3,0,0,0,0,5,5,0,0,0,0,0,0,0,0,0,0,0,0,0,0,1,0,0,0,0,0,0,0,0,5,0,2,0,0,0,3
61,62,Pau,Fuertes,Diéguez,P. F.,74,hombre,forestal,Islas Baleares,Islas Baleares,misma comunidad,+34992462704,pau_fuertes@yahoo.com,Català,no acepto,Grupo,no acepto,no acepto,Vegano,acepto,acepto,costa,50-60,300,400,privado,['jardin' 'piscina'],"['futbol' 'golf' 'salacine' 'gimnasio' 'esqui' 'hipica' 'barbacoa'
 'huerto' 'recreativos' 'trastero' 'baloncesto' 'cubierta' 'piscina' 'spa']",True,<3,0,5,0,0,0,0,0,0,0,5,0,0,0,0,0,0,0,0,2,0,0,0,5,2,0,0,0,0,0,5,3,0,0,0,3,0,0,0,0,0,0,0,0,0,0,0,0,0,0,0,4,0,0,0,0,1,0,0,0,0,0,0,0,0,0,0,0,0,0,0,0,0,0,2,0,0,0,0,0,0,4,0,0,0,0,5,0,0,0,0,0,3,0,0,4,0,0,0,0,0,0,5,0,0,0,5,5,0,0,0,0,0,0,0,0,0,0,0,0,0,0,2,0,0,0,0,0,0,1,0,0,0,2,0,0,0,0,0,0,0,0,0,5,0,0,0,0,2,0,0,0,0,0,0,0,0,0,0,0,0,0,2,0,0,5,0,0,2,0,0,0,0,0,0,0,0,0,0,0,0,0,0,0,0,0,0,0,0,5,0,0,0,3,0,2,1,0,0,0,0,0,0
62,63,Sílvia,Infante,Gonzalo,S. I.,68,mujer,enseñanza,Andalucía,Jaén,todo el país,+34712152870,sílvia_infante@live.com,Català,acepto,Familia,acepto,acepto,Vegetariano,no acepto,acepto,costa,+80,1000,1000,privado,['no'],['spa' 'esqui'],True,<3,0,2,0,0,0,0,0,0,0,0,4,0,0,0,5,1,0,0,3,1,0,0,0,0,0,0,0,3,0,0,0,0,0,1,0,0,0,0,0,0,0,0,0,0,0,4,0,0,0,0,0,0,0,0,0,0,0,3,0,0,0,0,0,0,0,0,2,0,0,0,0,0,0,0,0,0,0,0,0,0,0,2,0,0,0,0,0,0,0,4,0,0,0,0,0,0,0,4,0,5,0,0,0,0,0,0,0,0,0,0,4,0,0,0,0,0,0,0,0,0,0,0,0,0,0,0,0,0,0,0,0,0,0,0,0,0,0,0,0,0,0,0,0,4,0,0,0,0,0,0,0,0,0,1,0,0,0,4,0,0,0,0,0,0,0,0,0,4,0,0,5,0,0,3,0,0,0,0,0,0,0,0,0,0,0,0,0,0,4,0,5,0,0,0,0,0,0,0,0,0,0,0
63,64,Gabriela,Arana,Romero,G. A.,79,mujer,investigaciontecnica,La Rioja,La Rioja,misma provincia,+34720667505,gabriela_arana@orange.fr,Castellano,no acepto,Individual,acepto,no acepto,Común,no acepto,acepto,costa,70-80,1100,950,compartido,['terraza' 'piscina'],['cocina'],True,<9,0,0,0,0,0,0,0,4,0,0,0,0,0,0,0,5,0,0,0,0,5,0,0,0,0,3,0,0,0,0,0,0,0,0,5,3,1,0,0,0,0,0,0,0,0,0,0,0,4,4,0,0,0,3,0,0,0,0,0,0,0,0,1,3,0,3,0,0,1,5,0,0,2,0,0,0,0,0,5,0,0,0,3,0,0,0,0,0,0,0,1,0,2,0,0,4,0,0,3,1,0,2,5,0,0,4,0,0,0,0,0,2,5,0,0,0,5,0,0,0,0,0,0,0,0,3,0,5,0,0,0,0,0,0,0,0,0,0,4,0,0,0,0,5,0,2,4,0,0,3,0,0,0,0,3,2,0,2,0,1,1,0,3,0,0,0,3,0,0,0,0,0,3,5,0,4,4,0,0,0,0,0,1,0,0,0,2,2,4,3,0,0,0,0,0,0,0,0,3,0,0,0
64,65,Bernardita,Blasco,Español,B. B.,63,mujer,artes,Región de Murcia,Murcia,misma provincia,+34952226074,bernardita_blasco@yahoo.com,Galego,no acepto,Individual,no acepto,acepto,Común,acepto,no acepto,costa,70-80,600,750,compartido,['piscina' 'jardin'],"['futbolin' 'piscina' 'zonasverdes' 'trastero' 'gimnasio' 'salacine'
 'barbacoa' 'garage' 'baloncesto' 'salamanualidades' 'recreativos'
 'lavavajillas' 'huerto' 'esqui' 'futbol' 'cocina' 'rehabilitacion'
 'lavanderia' 'billar' 'buffet' 'padel' 'golf' 'spa' 'pingpong' 'cubierta'
 'tenis']",True,<3,0,0,0,0,0,5,0,0,0,0,0,2,0,0,0,0,0,0,0,0,0,0,0,0,0,0,0,2,0,0,0,0,0,0,0,5,0,0,0,0,1,1,0,0,0,4,0,0,0,0,0,0,1,0,0,0,0,0,0,0,0,5,0,2,2,0,0,0,0,0,0,0,0,0,0,0,0,0,0,0,0,3,0,0,0,0,0,1,0,0,0,0,0,0,0,0,0,0,0,0,0,0,0,0,0,3,5,0,0,0,0,0,0,2,0,0,1,0,0,0,0,0,5,0,0,0,0,0,3,0,0,0,0,0,0,0,0,0,0,0,0,0,0,3,0,2,1,0,0,0,0,0,0,0,5,1,0,0,2,0,0,2,0,0,0,0,1,0,1,5,1,0,0,0,4,0,0,0,0,0,0,0,0,0,0,0,0,0,0,0,2,4,0,0,0,0,0,1,0,5,0,0
65,66,Sophia,Hering,,S. H.,65,mujer,enseñanza,Canarias,Santa Cruz de Tenerife,todo el país,+34702597405,sophia_hering@gmail.com,Deutsche,no acepto,Familia,no acepto,no acepto,Común,no acepto,acepto,costa,60-70,600,100,privado,['no'],"['baloncesto' 'spa' 'garage' 'salacine' 'recreativos' 'futbolin' 'buffet'
 'barbacoa' 'pingpong' 'salamanualidades']",True,<6,0,0,0,0,1,0,3,0,0,0,1,0,2,0,1,3,0,0,0,0,0,0,0,0,0,1,3,0,0,0,3,0,0,0,0,0,0,0,2,0,0,0,0,3,0,0,5,0,0,5,0,0,0,4,0,0,0,1,0,0,0,0,0,0,5,0,1,1,0,0,0,0,4,0,0,0,0,2,0,1,0,0,0,0,0,0,0,0,0,5,0,0,0,4,5,0,0,1,0,2,3,0,0,3,0,0,0,0,0,1,5,0,0,4,2,0,0,1,1,1,0,0,0,0,0,0,5,0,0,0,0,4,0,2,0,0,4,0,2,0,0,2,0,0,4,4,5,0,0,0,0,0,0,0,0,0,1,3,0,0,0,0,0,0,0,0,0,0,0,4,1,4,0,0,0,0,0,0,4,0,0,0,0,0,0,0,0,4,0,0,0,0,0,0,0,2,0,0,0,0,0,0
66,67,Pierpaolo,Donati,,P. D.,64,hombre,mantenimiento,Canarias,Las Palmas,misma provincia,+34740167253,pierpaolo_donati@yahoo.com,Italiano,no acepto,Grupo,no acepto,no acepto,Común,no acepto,no acepto,montaña,70-80,500,150,compartido,['terraza' 'jardin'],"['golf' 'recreativos' 'futbolin' 'garage' 'hipica' 'barbacoa' 'gimnasio'
 'salamanualidades']",False,<6,0,0,0,0,3,0,0,0,0,0,0,0,4,4,0,2,0,0,1,0,1,2,0,0,0,0,0,3,0,5,0,0,0,0,0,0,0,0,3,0,5,0,5,3,0,5,0,0,1,5,2,0,0,0,0,0,3,0,1,1,5,0,0,1,2,4,0,0,0,0,0,0,0,0,3,0,4,0,0,0,0,0,0,0,0,4,0,0,0,2,0,0,0,0,3,0,0,0,0,0,0,4,3,0,0,0,0,0,0,0,0,0,0,0,3,0,4,3,4,0,0,4,4,0,1,2,2,3,0,4,0,4,0,1,0,0,0,0,0,0,0,0,0,2,0,0,0,3,0,5,0,0,5,0,3,0,4,0,0,4,0,4,0,0,0,0,0,5,3,0,3,3,3,0,4,0,0,1,3,5,0,0,0,0,0,0,0,0,3,0,0,0,4,0,0,5,1,5,1,0,5,4
67,68,Casemiro,Lucas,Sebastián,C. L.,65,hombre,investigaciontecnica,Cantabria,Cantabria,misma provincia,+34663400376,casemiro_lucas@aol.de,Euskara,no acepto,Individual,acepto,no acepto,Común,no acepto,no acepto,interior,70-80,300,300,privado,['no'],['garage' 'futbolin' 'lavavajillas' 'futbol'],False,<6,0,5,0,5,0,0,4,0,0,4,3,0,0,0,0,5,4,0,0,0,0,0,0,1,0,0,0,4,0,0,3,0,0,0,0,0,0,1,0,0,0,3,0,0,0,1,5,0,0,0,0,0,1,0,0,0,2,0,0,0,0,0,0,0,0,0,0,0,3,0,0,5,4,0,0,0,5,0,0,2,5,0,0,4,0,0,1,0,0,0,2,0,0,0,0,4,1,1,0,0,0,4,0,2,0,5,4,0,3,0,0,0,0,0,5,3,0,4,5,0,0,0,0,0,0,0,0,1,4,2,0,0,0,0,0,0,0,0,0,3,0,1,0,0,0,0,5,5,0,0,4,0,1,0,0,5,0,0,3,0,0,2,0,5,3,0,1,5,0,2,0,0,0,0,2,0,5,0,0,0,0,5,0,4,4,4,2,0,0,1,0,0,0,0,0,0,0,0,0,1,4,0
68,69,Ceferino,Meléndez,Frías,C. M.,62,hombre,rh,Castilla-La Mancha,Albacete,misma provincia,+34703865467,ceferino_meléndez@hotmail.de,Castellano,acepto,Individual,no acepto,no acepto,Común,acepto,no acepto,interior,60-70,1300,750,privado,['piscina' 'terraza' 'jardin'],"['salacine' 'futbolin' 'huerto' 'pingpong' 'garage' 'zonasverdes' 'hipica'
 'esqui' 'recreativos' 'lavavajillas' 'barbacoa' 'baloncesto' 'gimnasio'
 'billar' 'cubierta' 'futbol' 'salamanualidades' 'spa' 'trastero' 'buffet'
 'golf' 'tenis' 'piscina' 'padel' 'rehabilitacion' 'lavanderia']",True,<6,4,2,0,0,0,0,0,0,0,2,0,0,0,0,0,2,2,0,0,0,0,0,0,0,5,0,3,0,2,2,0,0,0,0,0,3,0,0,0,0,4,0,4,1,1,1,0,0,5,0,0,0,0,0,0,0,0,3,0,2,0,0,0,0,0,0,0,0,0,0,5,0,3,0,3,0,0,0,0,0,0,0,0,0,0,0,0,0,0,2,0,0,0,2,0,0,0,0,0,0,0,0,0,0,0,4,0,0,5,4,0,0,0,0,0,0,5,0,1,1,0,0,0,0,0,0,0,0,0,5,0,0,0,0,0,0,0,4,0,0,0,0,0,0,3,0,5,5,0,0,0,0,0,0,0,0,4,2,1,0,5,0,5,0,0,0,0,0,0,0,3,4,4,0,4,0,0,0,0,0,0,0,0,4,0,0,0,0,1,0,0,0,0,1,0,0,5,0,1,0,0,0
69,70,Ângelo,Lima,Costa,Â. L.,91,hombre,investigaciontecnica,Andalucía,Córdoba,misma comunidad,+34703612688,ângelo_lima@gmail.com,Português,no acepto,Grupo,no acepto,no acepto,Común,no acepto,no acepto,costa,60-70,700,500,privado,['jardin' 'piscina' 'terraza'],"['futbolin' 'billar' 'esqui' 'spa' 'hipica' 'rehabilitacion'
 'salamanualidades' 'barbacoa' 'garage' 'trastero' 'baloncesto' 'pingpong'
 'padel' 'gimnasio' 'zonasverdes' 'cocina' 'tenis' 'buffet' 'lavanderia'
 'piscina']",False,<6,5,5,0,0,2,0,1,0,0,0,0,0,0,0,3,0,0,2,0,3,4,0,0,1,0,0,3,0,1,0,0,2,3,0,0,0,0,0,3,0,0,3,4,0,0,5,0,0,0,0,2,0,0,1,1,2,4,0,4,0,0,0,0,2,4,0,0,0,4,0,0,0,1,5,1,2,0,0,0,0,1,0,4,4,4,0,4,3,0,0,1,2,0,2,0,0,2,3,2,0,3,0,0,2,0,0,0,5,0,0,0,0,0,3,0,5,3,0,0,4,5,4,0,0,5,3,3,0,0,0,1,1,0,2,0,2,1,3,0,1,0,5,0,5,0,0,0,2,2,0,0,0,0,0,1,1,0,0,2,4,0,0,4,0,5,0,0,5,0,0,0,0,0,0,0,1,2,0,4,5,0,0,2,4,5,0,2,4,0,1,1,0,0,0,0,0,0,0,0,5,0,0
70,71,Domitila,Olmo,Bejarano,D. O.,73,mujer,ingenieria,Cantabria,Cantabria,misma provincia,+34698991015,domitila_olmo@yahoo.com,Castellano,acepto,Familia,acepto,no acepto,Común,no acepto,no acepto,interior,+80,300,450,privado,['no'],"['garage' 'tenis' 'cocina' 'rehabilitacion' 'golf' 'huerto' 'spa' 'buffet'
 'futbol' 'futbolin' 'trastero' 'lavavajillas']",True,+10,0,5,5,3,0,0,0,0,0,0,0,1,0,0,0,1,1,0,0,0,0,0,0,0,0,0,0,2,0,4,1,0,0,5,0,1,1,0,0,5,1,0,0,0,0,0,2,0,4,0,0,0,5,0,0,0,0,0,4,0,0,0,0,3,0,0,0,0,0,0,0,0,0,5,0,0,0,0,0,0,0,0,4,2,0,0,1,0,0,0,0,0,0,0,4,0,0,2,0,0,0,5,3,5,0,0,0,0,0,2,0,2,0,2,0,1,3,0,2,0,0,3,0,1,0,0,0,0,0,0,1,4,0,0,5,0,0,2,0,0,4,0,0,5,0,5,0,0,0,0,0,0,0,0,0,0,0,0,1,0,3,0,0,0,0,0,1,0,0,0,0,0,4,0,0,2,1,0,0,4,0,0,4,3,0,5,0,0,5,0,0,0,0,0,0,0,4,0,1,2,0,0
71,72,Abril,Blázquez,Villar,A. B.,72,mujer,otro,Comunidad Foral de Navarra,Navarra,misma comunidad,+34710201385,abril_blázquez@fastwebnet.it,Català,no acepto,Grupo,acepto,no acepto,Común,no acepto,acepto,costa,+80,1200,400,privado,['no'],"['barbacoa' 'lavavajillas' 'zonasverdes' 'padel' 'lavanderia' 'pingpong'
 'cocina' 'spa' 'huerto' 'gimnasio' 'trastero' 'golf' 'buffet']",True,<3,0,2,1,0,0,4,0,0,0,0,0,3,0,0,0,0,0,0,0,0,0,2,0,0,5,0,0,0,0,0,0,0,0,0,0,0,0,0,1,0,0,0,0,0,0,0,0,4,0,1,0,0,0,0,0,1,0,0,0,0,0,0,0,0,0,0,0,5,0,0,3,0,2,0,0,0,0,0,0,1,0,0,0,0,0,0,0,0,0,5,5,3,2,0,0,5,0,0,1,0,3,0,0,3,0,4,0,0,0,0,0,0,0,0,0,0,0,0,0,0,0,2,0,0,0,1,2,1,0,0,0,0,0,0,4,0,0,2,0,0,0,0,0,0,3,0,0,0,0,2,4,0,0,0,0,0,0,0,0,0,0,0,0,0,0,0,0,0,0,5,0,3,0,5,0,4,0,0,1,0,0,0,0,0,0,0,5,0,0,5,1,0,0,0,0,0,0,0,0,0,0,0
72,73,Ramón,Carlos,Gámez,R. C.,74,hombre,seguridad,Castilla-La Mancha,Ciudad Real,misma provincia,+34868407553,ramón_carlos@yahoo.com,Català,no acepto,Grupo,no acepto,acepto,Común,no acepto,acepto,costa,60-70,1400,800,privado,['no'],[],False,<6,0,5,0,0,5,0,0,5,0,0,0,0,4,3,5,3,0,0,0,0,0,4,0,2,0,0,0,1,0,0,4,0,0,0,0,5,0,3,0,0,0,1,0,0,5,3,0,0,1,3,0,0,4,3,3,0,0,0,2,0,0,0,0,5,0,3,0,0,1,5,4,5,0,0,4,3,0,0,2,0,0,0,5,0,0,0,0,1,0,0,3,0,4,1,0,4,4,2,0,0,0,0,0,0,0,3,0,0,0,1,0,0,3,0,0,0,2,1,5,1,0,3,3,0,5,0,0,0,5,4,3,4,2,0,0,0,1,0,1,4,0,1,0,0,1,0,0,1,0,5,3,5,0,1,0,5,0,0,0,1,3,0,0,0,2,0,4,0,0,0,4,3,0,0,0,0,0,0,1,0,3,0,0,0,0,0,0,0,4,2,4,0,4,0,0,4,1,0,0,3,3,3
73,74,Mary,Moore,,M. M.,66,mujer,investigacioncientifica,Castilla y León,Ávila,misma provincia,+34659587187,mary_moore@gmail.com,English,no acepto,Grupo,no acepto,acepto,Vegetariano,no acepto,no acepto,interior,60-70,500,350,privado,['jardin'],['huerto' 'rehabilitacion'],True,<3,0,3,3,0,4,0,5,0,0,0,0,1,0,2,1,0,0,0,0,4,0,5,0,1,0,0,0,5,5,2,5,0,5,3,0,4,0,0,0,5,4,4,4,2,0,0,0,0,2,0,2,0,0,0,0,2,0,5,0,0,0,2,0,0,1,0,5,0,0,0,4,1,1,0,0,0,3,2,0,0,0,2,0,0,0,0,0,3,3,4,0,0,5,4,3,0,1,0,2,0,4,0,0,4,0,0,4,1,0,0,2,0,0,1,4,1,0,0,1,1,0,0,3,4,0,5,0,0,4,4,5,0,0,2,0,3,3,5,0,0,0,2,3,3,2,0,4,4,0,5,1,0,0,0,4,2,5,0,0,0,3,0,2,0,0,0,2,0,0,5,0,0,2,0,5,3,1,4,4,0,0,0,4,0,0,5,1,5,0,0,3,0,0,0,3,0,0,5,3,5,0,0
74,75,María Teresa,Jordán,Miguel,M. J.,70,mujer,cine,Aragón,Zaragoza,misma provincia,+34710152448,maría teresa_jordán@googlemail.com,Castellano,no acepto,Familia,acepto,acepto,Común,no acepto,acepto,interior,50-60,500,100,privado,['jardin' 'terraza'],"['buffet' 'piscina' 'billar' 'trastero' 'spa' 'cubierta' 'huerto' 'futbol'
 'golf' 'recreativos']",True,<3,4,0,0,5,0,0,2,2,4,0,1,0,4,0,0,0,0,0,0,0,0,5,0,0,2,0,3,0,0,0,0,0,5,0,0,0,0,0,0,0,0,1,3,1,3,4,4,0,0,5,0,0,0,5,0,0,3,0,0,0,3,4,3,5,5,2,0,0,0,1,0,1,0,0,2,4,4,0,0,2,0,0,0,1,0,5,0,3,4,0,0,3,2,0,0,0,1,2,0,3,1,1,5,0,0,0,0,0,0,0,0,4,0,0,0,2,0,2,3,4,0,2,0,4,5,2,0,0,0,0,3,0,0,1,0,0,0,0,0,0,1,0,0,0,1,0,0,2,0,4,5,0,0,0,5,0,0,0,0,0,0,0,0,0,1,2,0,0,3,0,1,0,0,2,3,2,1,0,0,5,1,0,0,0,0,0,0,2,0,0,4,0,5,2,0,3,0,0,4,0,0,0
75,76,Lina,Porta,Ponce,L. P.,64,mujer,seguridad,Extremadura,Cáceres,misma provincia,+34913505729,lina_porta@outlook.com,Castellano,no acepto,Familia,acepto,no acepto,Común,acepto,no acepto,montaña,70-80,300,350,privado,['terraza' 'jardin'],"['esqui' 'trastero' 'padel' 'cubierta' 'garage' 'tenis' 'barbacoa'
 'recreativos' 'futbol' 'salacine']",True,<9,0,1,0,0,2,5,3,0,2,0,0,0,0,0,0,0,1,0,0,0,0,0,0,0,0,0,2,4,0,0,1,0,0,0,4,0,4,1,0,5,1,0,5,4,0,0,0,0,4,0,0,1,0,4,0,4,0,0,3,0,2,0,1,0,0,1,0,0,0,0,0,0,3,0,0,3,2,2,4,2,4,4,0,2,5,0,0,5,0,5,0,0,0,0,0,0,3,0,0,0,4,0,2,0,3,0,5,0,0,0,0,0,2,0,0,3,0,1,0,0,0,0,5,1,0,0,0,1,1,3,3,0,5,0,0,0,1,2,3,0,4,0,0,0,1,4,0,0,0,4,2,0,0,1,3,0,0,3,2,4,1,0,0,0,0,0,0,0,0,0,0,0,0,1,0,5,0,0,0,2,0,0,2,0,0,2,4,0,2,1,5,4,0,0,0,1,0,0,0,0,2,0
76,77,Amélia,Azevedo,Jesus,A. A.,84,mujer,musica,Principado de Asturias,Asturias,misma provincia,+34902237216,amélia_azevedo@gmail.com,Português,no acepto,Individual,acepto,acepto,Vegetariano,acepto,acepto,montaña,50-60,300,350,privado,['piscina' 'jardin'],"['lavanderia' 'billar' 'futbol' 'golf' 'piscina' 'cocina' 'salacine'
 'baloncesto' 'futbolin' 'recreativos' 'padel']",True,<6,0,4,0,0,0,0,0,0,0,0,0,5,3,0,2,0,0,0,0,3,0,2,4,0,0,0,0,0,0,3,0,0,4,2,0,4,0,0,0,0,0,0,0,0,0,0,0,2,0,0,0,0,0,0,0,0,0,5,0,0,5,0,0,1,2,0,0,0,0,3,1,0,0,0,0,0,0,0,4,0,0,1,0,0,0,0,0,0,0,0,0,0,0,0,0,0,0,1,0,0,0,0,0,0,0,0,0,0,0,0,0,1,0,0,0,1,0,0,0,0,0,0,0,2,0,0,2,0,0,0,5,0,0,0,0,0,0,0,0,0,2,0,0,3,0,0,0,0,0,0,0,0,0,5,0,0,0,0,0,0,0,0,0,0,0,0,0,0,0,0,0,0,0,0,0,0,0,0,0,0,0,0,0,0,0,0,0,4,0,0,0,0,0,0,3,0,0,0,5,2,0,0
77,78,Xiomara,Fortuny,Guardia,X. F.,74,otro,construccion,Aragón,Huesca,misma comunidad,+34737717757,xiomara_fortuny@hotmail.com,Castellano,no acepto,Grupo,no acepto,acepto,Común,no acepto,acepto,montaña,60-70,1300,200,privado,['jardin'],"['baloncesto' 'cubierta' 'spa' 'lavanderia' 'futbol' 'piscina'
 'rehabilitacion' 'billar']",True,<3,0,1,0,0,0,0,3,0,1,0,0,0,0,0,0,0,0,0,0,0,0,0,0,0,0,0,0,0,0,0,0,0,3,0,0,0,0,5,0,1,0,0,0,0,1,0,0,0,4,0,0,0,0,0,0,0,0,0,0,0,0,0,0,0,1,0,0,0,0,0,0,0,0,0,2,0,0,0,0,0,0,0,2,0,0,0,0,0,0,0,0,0,0,0,1,0,0,0,0,0,0,0,3,0,4,3,3,4,0,0,0,0,0,0,4,1,0,4,0,0,4,0,0,0,2,0,0,0,0,0,0,0,0,0,0,1,3,5,0,3,0,0,0,0,1,0,0,5,0,0,1,4,0,0,3,4,0,0,0,0,0,0,2,0,0,0,0,0,0,0,0,0,3,1,0,2,0,0,0,0,0,0,0,2,4,0,0,0,0,2,2,5,0,0,0,0,0,0,0,0,0,0
78,79,Aníbal,Tello,Rodrigo,A. T.,62,hombre,otro,Islas Baleares,Islas Baleares,misma comunidad,+34966789760,aníbal_tello@hotmail.it,Castellano,no acepto,Grupo,acepto,no acepto,Común,no acepto,no acepto,montaña,+80,1100,450,privado,['jardin' 'terraza' 'piscina'],"['zonasverdes' 'cubierta' 'buffet' 'futbol' 'salamanualidades' 'billar'
 'baloncesto' 'garage' 'recreativos' 'huerto' 'spa' 'futbolin' 'piscina'
 'padel' 'barbacoa' 'lavavajillas' 'gimnasio' 'esqui' 'tenis' 'pingpong'
 'hipica' 'golf' 'lavanderia' 'cocina' 'salacine' 'rehabilitacion']",True,+10,0,4,1,0,0,0,3,0,5,0,0,0,4,0,0,2,0,0,0,0,0,1,5,3,0,0,0,0,0,5,0,0,0,0,0,0,0,0,0,0,0,0,3,1,0,0,4,1,0,0,0,0,0,5,0,0,0,0,0,0,0,0,0,0,3,0,0,0,0,0,3,0,0,0,0,0,1,0,0,0,0,0,0,0,0,0,0,0,0,0,0,1,0,0,0,0,0,0,0,0,0,0,5,0,0,0,0,0,5,0,5,1,0,2,0,0,0,0,0,0,0,0,0,0,0,0,0,0,0,0,5,2,0,2,0,4,0,0,0,0,0,0,0,0,0,0,0,0,1,0,0,0,2,0,0,0,0,4,0,0,0,1,1,0,0,2,0,1,3,0,0,0,0,0,0,0,0,0,0,2,0,0,0,0,1,0,0,0,0,0,0,0,0,1,0,0,0,0,0,0,0,0
79,80,Magdalena,Belmonte,Echeverría,M. B.,62,mujer,otro,País Vasco,Vizcaya,misma provincia,+34705907017,magdalena_belmonte@hotmail.com,Castellano,acepto,Familia,acepto,acepto,Vegano,acepto,no acepto,montaña,+80,600,300,privado,['piscina' 'terraza'],"['lavanderia' 'huerto' 'zonasverdes' 'gimnasio' 'tenis' 'barbacoa'
 'pingpong' 'salamanualidades' 'trastero' 'esqui' 'salacine']",True,<6,0,1,1,0,0,0,0,1,0,0,0,0,0,0,0,4,5,0,0,0,5,1,3,5,3,0,1,2,4,0,1,0,0,0,3,0,0,0,0,0,0,1,0,0,0,1,5,4,0,0,0,5,1,3,0,0,0,4,0,0,0,0,1,0,3,0,0,4,0,2,0,0,0,0,1,0,0,0,0,0,0,3,3,0,2,0,0,1,3,0,2,0,0,0,0,0,1,4,2,0,0,3,0,0,0,0,0,0,0,5,0,0,0,0,0,2,0,4,0,2,0,0,0,0,4,2,0,0,0,5,5,0,2,0,1,4,0,0,0,5,0,2,0,0,0,0,0,0,3,0,5,0,0,0,0,0,0,0,0,0,0,2,0,0,0,0,5,1,0,0,0,0,2,0,5,0,3,0,0,0,0,0,5,0,0,0,0,0,0,4,0,0,0,0,0,0,2,4,0,0,0,0
80,81,Sara,Téllez,Escrivá,S. T.,62,mujer,comunicacion,Andalucía,Jaén,misma provincia,+34957735898,sara_téllez@libero.it,Català,no acepto,Familia,no acepto,acepto,Vegetariano,acepto,no acepto,interior,70-80,1200,400,compartido,['no'],"['cocina' 'huerto' 'tenis' 'padel' 'piscina' 'recreativos' 'futbol'
 'esqui' 'rehabilitacion' 'futbolin' 'lavanderia' 'garage' 'spa'
 'cubierta' 'gimnasio' 'zonasverdes' 'golf' 'salacine' 'buffet' 'billar'
 'trastero']",True,<3,0,0,0,0,0,0,0,0,0,0,0,4,0,0,0,0,0,5,0,0,0,0,2,2,0,0,0,0,0,0,0,0,4,0,0,0,0,0,0,0,0,0,0,0,0,0,0,0,0,3,0,0,1,0,0,0,0,4,0,5,0,0,0,2,1,0,0,2,0,0,0,0,0,0,0,0,5,4,0,3,0,2,0,0,0,0,0,0,0,0,0,0,0,0,0,0,2,0,0,0,0,0,0,0,0,0,0,0,0,0,0,2,0,0,0,0,0,0,2,0,0,0,0,0,0,0,0,0,0,0,0,0,0,0,0,0,0,0,0,0,0,0,3,2,0,2,0,0,0,1,0,0,1,0,0,0,4,0,0,0,0,0,0,0,1,0,0,0,0,0,0,3,0,0,0,0,0,0,0,0,0,0,0,0,0,1,0,0,0,0,4,0,0,2,0,0,0,0,0,3,0,1
81,82,Ciriaco,Granados,Roman,C. G.,93,hombre,ingenieria,Cataluña,Tarragona,todo el país,+34652992116,ciriaco_granados@poste.it,Castellano,no acepto,Individual,no acepto,no acepto,Vegano,no acepto,acepto,costa,60-70,1500,1000,compartido,['jardin' 'terraza'],"['golf' 'futbolin' 'salamanualidades' 'salacine' 'hipica' 'recreativos'
 'cocina' 'padel' 'lavanderia' 'buffet' 'huerto' 'esqui' 'tenis' 'billar'
 'garage' 'baloncesto' 'piscina' 'zonasverdes' 'gimnasio' 'cubierta'
 'lavavajillas' 'barbacoa' 'trastero' 'futbol']",True,<9,0,1,0,0,4,5,4,1,4,0,0,2,0,0,2,0,1,0,5,0,0,5,0,0,1,0,0,5,4,2,0,0,0,4,3,3,2,3,4,0,0,1,0,0,0,1,0,3,2,5,0,0,1,0,2,0,2,3,0,0,0,0,0,0,0,0,0,0,0,0,1,0,0,0,3,0,0,0,0,2,0,0,0,0,0,1,0,0,0,0,0,1,1,0,0,0,0,0,2,5,0,1,2,4,0,0,1,2,0,2,0,1,2,0,0,1,0,0,0,0,3,0,0,0,5,0,1,4,0,0,0,2,0,0,0,2,1,3,0,3,0,0,0,5,0,0,0,2,0,0,3,0,0,1,0,1,2,3,0,3,0,3,3,0,0,5,3,1,5,0,2,0,5,0,1,2,0,0,3,1,0,2,0,0,0,0,0,0,0,0,2,5,1,0,0,0,0,0,0,1,0,3
82,83,Letícia,Morais,Vaz,L. M.,82,mujer,artes,Castilla-La Mancha,Cuenca,misma provincia,+34747187066,letícia_morais@gmail.com,Português,acepto,Familia,no acepto,acepto,Común,no acepto,no acepto,costa,60-70,600,450,compartido,['terraza' 'jardin'],"['cocina' 'futbolin' 'pingpong' 'rehabilitacion' 'garage' 'tenis' 'padel'
 'golf' 'esqui' 'buffet' 'piscina' 'lavanderia']",True,<6,0,2,0,0,0,0,0,1,0,2,0,5,5,0,4,0,4,2,0,4,3,0,0,0,0,5,0,5,0,0,5,5,0,0,3,5,0,0,0,0,4,3,0,0,0,0,0,0,0,0,0,0,0,5,1,4,5,0,0,5,5,5,2,2,2,2,2,0,0,0,0,5,1,0,0,5,1,2,1,0,3,0,0,4,1,0,2,0,0,0,0,0,2,0,0,1,3,5,0,4,0,0,0,1,0,0,3,5,0,5,0,0,1,0,0,1,3,0,0,3,0,0,0,5,5,2,4,0,5,3,0,0,5,0,0,0,5,3,0,5,0,0,0,2,1,2,2,2,0,0,0,3,0,2,4,1,1,3,0,0,3,5,4,0,3,0,3,0,1,0,3,0,0,2,5,0,0,4,0,0,2,0,0,5,5,4,1,3,4,0,5,0,0,1,5,0,0,0,2,0,0,5
83,84,Narciso,Cano,Rojas,N. C.,61,hombre,artes,Principado de Asturias,Asturias,misma provincia,+34690188692,narciso_cano@hotmail.fr,Galego,acepto,Familia,acepto,no acepto,Común,acepto,acepto,montaña,60-70,600,150,privado,['jardin' 'terraza' 'piscina'],"['billar' 'gimnasio' 'hipica' 'lavanderia' 'salacine' 'tenis' 'padel'
 'huerto' 'barbacoa' 'cubierta' 'trastero' 'garage' 'golf' 'cocina'
 'piscina' 'baloncesto' 'futbolin' 'recreativos' 'rehabilitacion' 'esqui']",False,<9,0,0,0,0,0,0,1,0,0,0,0,0,0,3,0,0,0,4,0,0,0,0,0,0,0,0,0,0,0,0,0,0,0,0,4,0,0,0,0,0,0,0,0,0,0,0,0,0,0,4,0,0,1,0,0,0,0,0,0,0,4,0,0,0,0,0,0,1,0,0,0,0,0,0,0,0,0,0,0,0,0,0,0,0,1,0,0,3,0,0,0,0,0,0,0,0,0,0,5,0,0,0,3,0,0,0,2,0,0,3,0,0,0,0,0,0,0,0,0,0,0,0,0,4,0,0,0,0,0,0,2,0,0,0,4,0,0,0,0,3,0,0,0,0,0,0,2,0,0,0,0,0,0,0,0,0,0,0,3,0,0,0,0,0,0,0,0,0,0,0,4,0,0,0,0,0,0,0,0,0,0,0,0,0,0,0,0,0,0,0,0,0,0,0,0,0,0,0,0,0,0,0
84,85,Anabel,Andres,Muñoz,A. A.,68,mujer,artes,Aragón,Teruel,misma provincia,+34825303095,anabel_andres@outlook.com,Euskara,no acepto,Grupo,acepto,no acepto,Común,acepto,acepto,interior,70-80,700,350,privado,['terraza' 'jardin' 'piscina'],"['rehabilitacion' 'hipica' 'barbacoa' 'padel' 'baloncesto' 'buffet'
 'billar' 'trastero' 'futbol' 'gimnasio' 'salacine' 'piscina' 'tenis'
 'spa' 'cocina' 'recreativos' 'huerto' 'esqui' 'garage' 'lavavajillas'
 'lavanderia' 'salamanualidades' 'zonasverdes' 'futbolin' 'pingpong'
 'golf' 'cubierta']",True,<9,0,0,2,0,0,0,0,3,0,0,0,2,0,1,0,4,0,0,0,0,0,0,0,0,0,0,0,0,0,0,1,0,0,0,0,0,1,0,0,0,0,0,0,3,0,0,0,0,0,0,0,0,0,0,0,0,4,0,0,4,0,0,0,1,0,5,0,0,0,0,2,0,0,0,0,0,0,5,2,0,0,4,4,0,5,0,0,4,0,0,3,3,0,0,0,4,0,0,0,0,5,0,2,0,0,5,0,3,0,1,0,0,5,0,0,0,1,0,3,0,3,0,3,0,0,0,0,0,0,0,0,0,2,0,5,3,0,0,1,0,0,0,5,0,4,0,0,0,0,1,0,0,3,2,0,0,0,0,0,0,4,0,0,3,2,4,3,0,4,3,1,0,0,0,0,0,1,5,3,0,0,0,0,0,0,0,0,0,1,0,0,0,0,0,0,0,5,0,2,3,4,0
85,86,Marco,Escalona,Vallés,M. E.,73,hombre,mantenimiento,Extremadura,Badajoz,misma provincia,+34705976450,marco_escalona@sapo.pt,Castellano,no acepto,Grupo,no acepto,acepto,Vegetariano,acepto,acepto,interior,60-70,1300,50,privado,['terraza' 'piscina'],[],True,<3,0,3,0,5,0,0,0,3,0,0,0,0,0,0,0,0,0,0,0,0,0,0,0,0,0,0,0,0,0,1,0,1,0,0,0,0,0,0,0,0,0,0,3,0,0,0,0,0,0,0,0,0,3,0,0,0,0,0,0,0,0,0,0,0,4,0,0,0,2,0,0,0,0,0,0,4,0,0,0,0,0,5,0,0,0,3,0,0,0,0,3,0,0,0,0,0,0,0,0,0,0,0,0,0,0,3,0,0,0,0,0,4,0,0,0,0,0,1,0,0,0,0,0,1,0,0,0,0,0,4,3,0,0,1,0,0,3,0,0,0,0,1,3,2,0,0,5,0,0,0,0,0,0,0,1,0,0,3,0,0,0,0,1,0,0,0,0,4,0,0,3,0,0,0,0,0,0,5,0,0,0,0,0,0,0,5,0,0,0,0,0,0,0,0,0,0,0,0,0,0,0,5
86,87,Amadeo,Vanvitelli,,A. V.,61,hombre,empresariales,Comunidad Valenciana,Valencia,misma provincia,+34729475011,amadeo_vanvitelli@hotmail.com,Italiano,no acepto,Grupo,no acepto,no acepto,Común,no acepto,no acepto,costa,50-60,700,950,privado,['piscina'],[],False,<9,4,3,0,0,0,0,0,0,0,0,0,0,0,0,0,0,5,5,2,2,0,0,2,2,1,5,0,0,0,0,0,0,0,1,4,0,3,0,0,0,0,0,0,0,0,3,3,4,0,0,2,5,0,4,0,5,3,0,4,5,0,0,2,2,2,2,0,2,0,4,0,5,0,5,4,4,3,3,5,2,0,5,0,5,0,4,2,5,0,0,3,2,0,0,4,0,0,1,2,2,1,0,0,0,0,1,0,0,5,4,4,0,0,0,0,2,3,0,2,1,2,0,4,3,0,2,0,1,0,2,0,3,3,0,0,5,1,1,3,0,0,5,0,0,5,0,1,3,0,0,0,0,5,5,3,0,2,0,3,3,0,0,0,4,0,0,3,0,0,0,0,2,0,0,4,4,0,0,3,1,0,0,0,3,0,0,1,0,0,0,0,2,0,0,1,3,4,5,2,0,0,0
87,88,Elizabeth,Roberts,,E. R.,61,mujer,musica,Extremadura,Cáceres,misma provincia,+34721756885,elizabeth_roberts@yahoo.com,English,no acepto,Familia,no acepto,no acepto,Común,no acepto,acepto,costa,70-80,300,500,privado,['jardin' 'terraza' 'piscina'],"['zonasverdes' 'futbolin' 'trastero' 'rehabilitacion' 'cubierta' 'golf'
 'tenis']",True,<3,0,0,0,3,4,3,0,0,0,0,0,0,4,3,0,0,0,0,0,0,4,5,2,0,1,0,3,0,0,0,0,0,2,1,0,0,2,3,2,3,3,0,0,5,0,0,0,0,1,2,0,4,0,0,0,0,2,0,4,3,0,1,0,0,5,0,0,1,0,0,0,0,4,0,0,5,3,0,0,1,0,0,5,2,2,1,0,0,0,0,0,1,0,0,4,0,0,0,0,0,0,0,0,2,0,0,1,1,0,5,0,0,2,0,5,0,1,0,3,0,2,5,3,3,3,0,2,0,4,0,0,0,0,5,4,0,4,0,2,0,0,0,0,1,0,0,0,0,3,3,0,4,3,0,0,0,4,0,0,4,5,0,4,0,5,0,0,4,0,0,0,0,0,0,2,2,3,0,4,0,1,0,4,2,0,0,3,0,4,0,4,0,0,0,2,1,2,0,0,3,0,0
88,89,Abel,Coello,Heras,A. C.,60,hombre,sanidad,Castilla-La Mancha,Ciudad Real,misma comunidad,+34958238285,abel_coello@hotmail.co.uk,Euskara,no acepto,Familia,no acepto,no acepto,Común,acepto,acepto,montaña,70-80,700,300,privado,['terraza'],"['lavavajillas' 'pingpong' 'recreativos' 'trastero' 'cocina' 'golf'
 'esqui' 'padel' 'huerto' 'salamanualidades' 'gimnasio' 'salacine'
 'lavanderia' 'barbacoa' 'spa' 'futbol' 'futbolin' 'cubierta' 'billar'
 'buffet' 'tenis']",True,<3,1,0,0,0,0,0,0,0,0,0,0,0,0,0,0,0,0,0,0,0,0,0,1,0,3,0,0,0,0,0,0,0,0,0,0,0,0,0,0,0,0,0,0,4,0,0,0,0,0,0,0,0,0,0,1,0,0,0,0,0,0,0,0,0,0,0,0,0,0,0,0,0,0,0,3,0,0,0,0,0,0,0,0,0,0,2,0,0,0,0,0,0,0,0,0,0,0,0,0,0,3,0,1,0,0,0,0,0,0,2,0,0,0,0,0,0,0,0,0,0,0,0,0,0,0,0,0,0,0,0,0,0,0,0,0,0,0,0,0,1,0,0,5,0,0,0,0,5,0,0,0,0,0,0,0,0,0,0,0,1,1,0,0,0,0,3,0,0,0,2,0,0,1,4,0,0,0,0,0,0,0,0,0,0,0,0,3,0,0,2,0,0,3,0,4,0,0,0,0,0,0,1
89,90,Madlen,Geisler,,M. G.,66,mujer,investigacioncientifica,Andalucía,Málaga,misma provincia,+34747037437,madlen_geisler@gmail.com,Deutsche,acepto,Familia,no acepto,no acepto,Vegano,acepto,acepto,costa,+80,400,200,privado,['terraza' 'piscina'],"['baloncesto' 'gimnasio' 'tenis' 'trastero' 'billar' 'recreativos'
 'buffet' 'zonasverdes' 'piscina' 'spa' 'lavavajillas' 'barbacoa'
 'salamanualidades' 'lavanderia' 'futbolin' 'hipica' 'padel' 'cocina'
 'huerto']",False,<3,0,0,0,2,3,0,1,0,0,0,0,0,0,0,5,2,0,0,5,5,0,0,0,0,0,4,3,5,1,0,0,4,0,0,0,4,1,5,4,1,2,4,0,4,4,5,0,2,0,0,0,3,0,0,0,1,2,4,4,3,0,0,0,0,0,5,0,2,5,1,5,2,0,0,5,3,5,0,3,0,0,3,4,4,0,0,0,2,0,0,4,0,1,4,2,2,0,0,2,3,0,0,0,1,4,3,4,0,0,5,0,1,3,2,5,3,0,0,0,0,0,1,0,0,0,4,5,0,5,4,0,4,0,3,0,0,5,0,0,0,4,0,1,5,5,3,0,0,0,3,2,0,0,2,1,0,0,0,2,2,0,0,5,0,0,0,0,4,0,0,3,1,0,0,0,0,2,4,0,0,0,0,5,5,0,4,0,0,5,0,0,1,1,0,0,2,4,1,2,5,0,0
90,91,Josefa,Jerez,Talavera,J. J.,73,mujer,investigacioncientifica,País Vasco,Guipúzcoa,todo el país,+34853516161,josefa_jerez@gmx.de,Català,acepto,Individual,no acepto,no acepto,Vegetariano,no acepto,acepto,costa,60-70,1300,700,privado,['jardin' 'terraza'],"['futbol' 'baloncesto' 'salamanualidades' 'trastero' 'lavavajillas'
 'rehabilitacion' 'spa' 'futbolin' 'salacine' 'padel' 'barbacoa'
 'recreativos' 'pingpong' 'tenis' 'esqui' 'gimnasio' 'piscina' 'huerto'
 'garage' 'hipica' 'zonasverdes']",True,<9,0,0,4,2,0,0,0,0,0,0,0,0,0,4,0,0,0,0,0,0,0,0,0,0,0,0,3,0,0,0,4,4,0,3,0,1,0,0,0,0,0,0,0,0,0,0,0,4,0,0,0,0,0,0,4,0,0,0,0,0,0,0,2,0,0,5,0,0,0,0,0,0,0,0,0,4,0,0,0,0,0,0,0,0,0,0,0,0,0,0,0,0,0,2,0,0,0,0,0,0,0,0,0,0,0,0,0,0,0,2,0,0,0,0,0,0,0,0,0,0,4,0,0,0,0,0,0,0,0,0,0,2,4,0,0,0,0,0,0,0,0,0,0,0,0,0,0,0,0,0,0,0,0,0,0,0,0,0,0,0,0,0,0,0,0,0,2,0,0,0,0,0,0,0,0,5,5,0,0,0,0,5,0,4,0,0,0,0,4,0,0,0,0,3,0,0,0,0,0,0,0,0
91,92,Curro,Figuerola,Santamaría,C. F.,63,hombre,administrativo,Principado de Asturias,Asturias,misma comunidad,+34701325015,curro_figuerola@yahoo.com,Galego,no acepto,Grupo,no acepto,no acepto,Vegetariano,acepto,acepto,interior,50-60,400,350,compartido,['no'],"['lavavajillas' 'buffet' 'futbol' 'huerto' 'golf' 'cocina' 'esqui'
 'billar' 'padel' 'pingpong' 'zonasverdes']",True,<6,0,4,0,1,3,0,4,4,0,3,5,0,5,0,0,0,0,0,5,0,0,4,5,1,0,2,3,1,0,0,0,0,2,0,0,0,1,0,5,3,1,3,4,2,0,2,3,0,1,1,3,0,0,0,3,4,0,1,0,0,0,0,0,0,0,3,2,0,0,0,4,0,3,3,0,0,3,5,1,5,1,0,0,1,0,0,0,5,2,0,0,0,3,0,0,2,0,0,5,0,0,5,1,3,0,3,3,0,5,0,0,4,0,5,0,2,4,4,0,0,1,2,5,0,0,0,0,0,0,5,0,0,0,0,4,0,5,0,0,1,3,3,5,0,5,2,1,0,4,0,1,0,0,4,0,5,5,0,0,2,0,2,2,0,0,0,4,0,2,3,5,0,0,0,0,1,0,0,0,0,0,0,0,1,2,0,3,0,5,0,4,0,4,0,0,0,0,1,5,1,0,0
92,93,Frédérique,Wagner,,F. W.,70,mujer,sanidad,Ciudad Autónoma de Melilla,Melilla,misma provincia,+34742184548,frédérique_wagner@gmail.com,Français,no acepto,Grupo,no acepto,acepto,Vegetariano,acepto,no acepto,montaña,60-70,500,550,compartido,['no'],['spa' 'lavanderia'],True,<3,0,0,0,0,0,0,0,0,2,0,0,0,0,0,0,0,2,0,0,0,0,0,5,0,4,0,0,0,0,0,3,0,0,0,0,3,0,5,0,0,0,0,0,0,0,0,0,0,0,0,0,0,0,0,0,0,3,0,0,1,0,0,4,0,0,0,0,0,0,0,0,5,0,0,0,0,0,0,0,0,0,0,0,0,0,0,0,0,0,0,0,0,2,0,3,2,0,0,0,0,0,0,3,0,0,0,3,0,0,0,0,5,0,0,0,0,0,0,0,0,1,0,0,0,0,0,0,0,0,0,0,4,2,3,0,0,4,0,0,0,0,0,0,0,0,0,0,0,0,0,0,0,0,5,0,0,5,2,0,0,0,0,0,3,5,0,1,0,0,0,1,1,0,0,0,0,0,2,0,0,0,0,0,0,2,0,3,4,0,0,0,0,0,0,0,0,0,4,0,0,1,0
93,94,María Del Carmen,Cañas,Garcés,M. C.,63,mujer,derecho,Principado de Asturias,Asturias,misma provincia,+34609873023,maría del carmen_cañas@hotmail.co.uk,Galego,no acepto,Familia,acepto,no acepto,Vegano,no acepto,acepto,montaña,60-70,1000,350,privado,['piscina' 'terraza' 'jardin'],"['huerto' 'baloncesto' 'tenis' 'billar' 'trastero' 'golf' 'gimnasio'
 'salamanualidades' 'rehabilitacion' 'esqui' 'futbolin' 'pingpong'
 'lavanderia' 'buffet' 'hipica' 'cocina' 'salacine' 'spa' 'padel'
 'lavavajillas' 'garage' 'futbol' 'piscina' 'recreativos']",True,<3,0,0,2,0,0,0,0,0,0,0,0,0,0,5,4,2,4,4,1,4,0,0,0,0,0,0,0,0,0,0,0,0,0,0,0,0,1,0,0,4,0,0,0,0,0,0,0,0,0,3,1,3,0,0,0,0,0,0,1,3,0,0,0,0,0,0,0,0,5,4,0,0,0,0,2,0,0,0,0,0,0,3,0,0,0,3,1,3,0,0,0,1,5,0,2,0,0,0,0,0,4,0,3,0,0,0,5,4,0,0,0,5,0,4,0,0,0,2,1,0,0,1,0,0,1,5,0,0,0,0,0,0,0,0,0,0,4,0,0,0,0,0,0,3,4,0,0,0,0,5,0,1,0,0,4,5,0,0,0,0,4,0,0,0,0,0,0,2,0,0,1,0,3,0,2,0,4,0,0,5,0,0,0,0,3,0,2,0,0,0,4,0,0,0,0,4,0,0,3,0,0,0
94,95,Narciso,Aznar,Frutos,N. A.,61,hombre,derecho,Cataluña,Barcelona,misma provincia,+34721578594,narciso_aznar@libero.it,Euskara,no acepto,Individual,acepto,no acepto,Común,acepto,acepto,interior,50-60,300,950,privado,['piscina'],[],True,<9,0,0,0,0,0,5,3,3,0,0,0,0,5,0,0,0,0,0,0,1,3,3,0,3,0,0,0,0,4,0,0,0,0,0,2,4,0,1,0,0,0,0,0,0,0,0,0,0,0,0,1,0,0,0,5,0,0,0,2,2,0,5,0,0,0,0,0,2,2,0,0,0,0,0,0,0,0,0,5,0,3,0,0,0,0,0,0,0,2,0,0,0,0,0,1,5,0,3,0,0,0,0,0,0,0,0,0,0,0,0,0,5,0,0,0,5,0,0,2,0,0,0,0,0,4,0,0,3,0,0,0,0,1,0,4,1,0,0,0,2,0,1,0,0,0,0,0,0,0,2,0,0,0,0,0,5,0,0,0,0,0,0,0,0,0,0,4,2,0,0,0,0,1,0,0,0,5,3,0,5,0,0,0,0,0,0,0,0,2,0,0,4,0,0,0,0,0,0,0,3,0,0
95,96,Stephanie,Russell,,S. R.,76,mujer,construccion,Canarias,Las Palmas,misma provincia,+34740304716,stephanie_russell@yahoo.com,English,acepto,Familia,no acepto,acepto,Común,no acepto,acepto,montaña,50-60,1200,900,privado,['jardin'],[],True,<3,3,4,0,0,2,0,5,0,0,0,2,4,0,0,0,0,0,0,0,0,2,0,0,5,0,0,0,5,0,0,0,0,3,0,0,0,0,0,0,0,0,0,0,0,0,0,4,0,0,5,0,0,0,2,1,0,0,0,0,0,0,0,5,0,0,0,0,0,0,3,0,0,0,0,0,2,0,0,0,0,0,0,0,0,0,1,0,0,1,1,0,0,0,0,0,1,0,0,1,0,0,5,3,0,1,0,5,0,0,2,0,5,0,0,5,0,3,0,0,0,0,0,0,0,0,0,0,0,1,1,5,4,3,0,0,3,0,0,0,1,0,0,0,0,0,0,0,0,0,4,0,0,0,2,0,0,0,0,0,0,0,0,5,0,0,0,0,4,0,0,0,0,0,0,5,0,0,0,4,0,0,0,0,0,0,3,0,0,2,0,0,1,5,0,0,0,0,0,0,0,0,0
96,97,Charles,Anderson,,C. A.,82,hombre,comunicacion,Ciudad Autónoma de Melilla,Melilla,todo el país,+34708153727,charles_anderson@noos.fr,English,no acepto,Familia,acepto,no acepto,Común,no acepto,no acepto,montaña,60-70,600,150,privado,['terraza'],['zonasverdes'],True,<6,4,5,0,0,0,0,2,4,0,0,4,0,0,2,0,1,0,0,1,0,0,0,0,0,0,0,0,0,0,2,0,0,2,0,0,1,3,0,0,2,4,5,1,3,5,0,0,1,0,0,2,5,1,0,0,2,3,0,4,0,3,3,3,0,3,0,0,0,2,4,5,0,5,0,4,1,0,1,2,0,0,0,0,0,0,0,0,0,0,0,0,0,0,2,0,0,0,5,0,2,0,2,5,0,0,0,2,0,0,4,5,0,0,3,1,0,0,3,0,1,1,5,0,2,0,1,0,3,0,5,2,0,4,0,0,4,3,4,0,0,5,3,0,0,0,0,0,0,0,0,0,0,0,0,0,3,3,1,5,3,2,5,2,0,4,3,0,0,0,1,0,2,2,0,5,5,0,5,0,0,0,0,0,0,0,0,2,0,2,0,1,0,0,0,5,0,0,0,0,4,2,0
97,98,Carmina,Aranda,Agudo,C. A.,79,mujer,investigaciontecnica,Extremadura,Cáceres,misma provincia,+34700999031,carmina_aranda@gmail.com,Castellano,no acepto,Grupo,no acepto,no acepto,Vegano,no acepto,no acepto,interior,+80,1500,400,privado,['terraza' 'jardin' 'piscina'],"['spa' 'tenis' 'cocina' 'recreativos' 'huerto' 'rehabilitacion' 'pingpong'
 'billar' 'piscina' 'trastero' 'salacine' 'buffet' 'hipica' 'golf'
 'barbacoa' 'salamanualidades' 'padel' 'zonasverdes' 'baloncesto'
 'gimnasio' 'futbolin' 'esqui' 'futbol' 'lavavajillas']",False,<3,5,1,2,0,1,0,3,0,0,0,0,4,4,0,0,2,5,0,0,3,0,3,5,2,5,0,0,5,1,0,0,5,0,0,2,0,0,3,0,0,3,0,4,0,0,0,0,3,0,2,0,1,0,3,0,3,4,0,0,0,0,0,4,0,5,0,0,5,0,2,3,0,0,0,0,0,0,0,0,0,2,0,0,0,0,0,2,0,4,3,4,3,5,0,1,0,0,0,0,1,3,2,0,0,0,2,0,5,2,0,0,1,3,0,3,0,0,1,0,0,2,5,0,2,0,5,2,1,2,5,0,0,0,0,2,0,3,0,0,4,0,0,0,0,0,0,1,0,0,1,0,0,3,0,0,2,0,0,4,0,3,3,1,0,0,5,1,5,0,0,1,0,1,0,0,0,4,3,5,0,4,5,2,0,0,0,0,5,5,4,2,0,0,0,0,3,3,3,1,1,0,0
98,99,Benita,Tirado,Ureña,B. T.,68,mujer,sanidad,Comunidad Valenciana,Valencia,misma comunidad,+34716744355,benita_tirado@yahoo.fr,Euskara,no acepto,Grupo,acepto,no acepto,Común,no acepto,acepto,costa,60-70,400,850,privado,['no'],['spa' 'padel' 'salacine' 'trastero' 'rehabilitacion'],False,+10,0,0,0,0,0,0,0,2,1,0,5,5,0,0,0,0,0,0,4,0,0,0,2,0,0,0,0,0,2,0,5,0,2,0,0,0,0,0,0,2,0,0,0,0,0,3,0,0,0,0,1,2,0,0,4,0,0,0,0,0,0,0,0,0,0,2,0,0,0,0,0,0,0,5,4,0,0,0,0,0,0,0,0,0,0,2,0,0,0,0,0,0,0,0,0,5,0,5,0,0,4,0,0,0,0,0,0,0,0,2,0,0,2,0,0,1,0,0,0,0,0,0,0,0,0,4,0,0,0,0,0,2,0,0,0,0,3,0,1,0,0,4,4,0,0,0,0,0,0,0,0,0,0,0,0,0,0,2,3,0,0,0,0,0,0,0,0,0,0,5,2,3,5,0,0,0,0,0,0,0,0,2,0,0,1,0,5,0,0,0,0,0,0,0,0,0,0,0,0,0,1,3
99,100,Kurt,Jüttner,,K. J.,62,hombre,forestal,Ciudad Autónoma de Melilla,Melilla,misma provincia,+34910974034,kurt_jüttner@yahoo.com,Deutsche,acepto,Familia,no acepto,no acepto,Común,acepto,no acepto,interior,50-60,1400,350,compartido,['piscina' 'jardin' 'terraza'],"['billar' 'tenis' 'barbacoa' 'esqui' 'futbol' 'buffet' 'spa' 'baloncesto'
 'rehabilitacion' 'cubierta']",True,+10,0,4,0,3,2,0,0,5,0,0,1,0,2,0,0,1,0,3,0,0,2,0,2,0,3,0,5,5,5,0,0,4,0,0,1,0,0,0,0,4,5,0,0,0,0,0,0,0,1,0,3,1,0,0,0,1,3,0,0,5,0,0,0,0,0,0,2,3,2,0,0,0,0,0,3,4,4,0,4,0,0,0,0,2,0,3,3,3,0,5,0,0,0,0,5,0,0,3,1,3,1,3,0,1,3,0,1,4,0,5,0,0,0,0,2,0,3,0,3,0,5,0,0,0,0,0,4,0,5,3,0,5,0,1,5,0,3,0,0,5,3,5,0,0,0,0,0,0,4,1,0,0,0,0,5,0,2,0,0,0,2,0,0,4,0,0,0,0,1,5,4,0,4,0,0,0,0,3,5,0,0,0,2,4,0,3,0,0,5,0,1,0,5,0,0,1,2,1,1,2,1,3
